"N","VMCH-80-000204","VMCH-80-000197","NIST800-53-VI-VC-CFG-XX104","NIST800-53-VI-VC-CFG-00065 - 67 & 00156","VMCH-80-000209","VMCH-80-000199","VMCH-80-000191","VMCH-80-000189","VMCH-80-000192","VMCH-80-000193","VMCH-80-000194","VMCH-80-000195","VMCH-80-000196","NIST800-53-VI-VC-CFG-00101","VMCH-80-000198","VMCH-80-000214","VMCH-80-000200","VMCH-80-000202","VMCH-80-000203","NIST800-53-VI-VC-CFG-XX105","NIST800-53-VI-VC-CFG-00093","VMCH-80-000206","VMCH-80-000205","NIST800-53-VI-VC-CFG-XX109","VMCH-80-000208","NIST800-53-VI-VC-CFG-X0415","VMCH-80-000201","VMCH-70-000007","VMCH-70-000013","VMCH-67-000014","VMCH-70-000020","VMCH-70-000021","VMCH-70-000025"
"VMware ID","VMCH-80-000204","VMCH-80-000197","NIST800-53-VI-VC-CFG-XX104","NIST800-53-VI-VC-CFG-00065 - 67 & 00156","VMCH-80-000209","VMCH-80-000199","VMCH-80-000191","VMCH-80-000189","VMCH-80-000192","VMCH-80-000193","VMCH-80-000194","VMCH-80-000195","VMCH-80-000196","NIST800-53-VI-VC-CFG-00101","VMCH-80-000198","VMCH-80-000214","VMCH-80-000200","VMCH-80-000202","VMCH-80-000203","NIST800-53-VI-VC-CFG-XX105","NIST800-53-VI-VC-CFG-00093","VMCH-80-000206","VMCH-80-000205","NIST800-53-VI-VC-CFG-XX109","VMCH-80-000208","NIST800-53-VI-VC-CFG-X0415","VMCH-80-000201","VMCH-70-000007","VMCH-70-000013","VMCH-67-000014","VMCH-70-000020","VMCH-70-000021","VMCH-70-000025"
"Priority","P1","P0","P0","P0","P1 - MP-7 Control","P2 - CM-6b","P2","P2","P2","P2","P2","P0","P1","P1","P2","P1","P2","P1","P1","P2","P2","P1","P0","P2","P1","AC-6 Control","P2","CM-6 b","CM-6 b","P1","CM-6 b","CM-6 b","CM-6 b"
"Description","Require encryption for Fault Tolerance logging.","Disable the ability for unprivileged users to connect & disconnect virtual machine devices","An unimplemented parameter on ESXi.","Remove unnecessary virtual hardware devices from the VM.","Unauthorized floppy devices must be disconnected on the virtual machine.","Shared salt values must be disabled on the virtual machine.","Disable drag & drop console functionality.","Explicitly disable console copy operations.","Explicitly disable paste operations.","Disable virtual disk shrinking.","Disable virtual disk wiping.","Limit the number of console connections.","Limit informational messages from the VM to the VMX file.","Disable the ability for unprivileged users to connect & disconnect virtual machine devices","Do not send host information to guests.","Limit PCI device passthrough functionality.","Control access to VMs through the dvfilter network APIs.","Disable 3D features if not needed.","Require encryption during vMotion.","Disable GUI operations in a virtual machine.","Disable drag & drop console functionality.","Limit the number of retained VM diagnostic logs.","Limit the size of VM diagnostic logs.","Limits the virtual machine to VGA graphics.","VMs with Independent non-persistent disks.","The vCenter Server users must have the correct roles assigned.","Lock the VM guest session when the remote console is disconnected.","Host Guest File System (HGFS) file transfers must be disabled on the virtual machine (VM).","By default, more than one user at a time can connect to remote console sessions. When multiple sessions are activated, each terminal window receives a notification about the new session. If an administrator in the VM logs in using a VMware remote console during their session, a nonadministrator in the VM might connect to the console and observe the administrators actions.","An unimplemented parameter on ESXi.","System administrators must use templates to deploy virtual machines (VMs) whenever possible.","The VM console enables a connection to the console of a virtual machine, in effect seeing what a monitor on a physical server would show. The VM console also provides power management and removable device connectivity controls, which could allow a malicious user to bring down a VM. In addition, it impacts performance on the service console, especially if many VM console sessions are open simultaneously check, Remote management services, such as terminal services and Secure Shell (SSH), must be used to interact with VMs.","Logging must be enabled on the virtual machine (VM)."
"Finding","By default a VM uses ""opportunistic"" vMotion encryption, so migrations to another host use encryption if available, but if not it will vMotion without encryption. Setting this to ""required"" ensures that if encryption is not available the vMotion does not proceed.","Users and processes without root or administrator privileges within virtual machines can connect or disconnect devices, such as network adapters and CD-ROM drives, and can modify device settings. This could lead to unauthorized access, disruption of operations, and denial of service.","This parameter may be applicable to other VMware products, but is not applicable to vSphere. It is not implemented on ESXi. Setting or changing this parameter has no effect on security on ESXi.","Ensure that no device is connected to a virtual machine if it is not required. For example, serial and parallel ports are rarely used for virtual machines in a datacenter environment, and CD/DVD drives are usually connected only temporarily during software installation. USB devices, sound cards, and other unnecessary hardware may be introduced with migrations from VMware Workstation, Fusion, or through other tools. Any enabled or connected device represents a potential attack channel, through the possibility of device drivers that contain vulnerabilities, by granting the ability to introduce software or exfiltrate data to or from a protected environment.","If a virtual machine has a floppy drive connected, this is a finding.","If the virtual machine advanced setting ""sched.mem.pshare.salt"" exists, this is a finding.","When this is set to TRUE a user at the console of a VM (Web Console, VMRC, or other) will not be able to drag and drop data between the VM and the local client. As the default is the desired state you can audit by verifying that the parameter is either unset, or that it is set to the suggested value.","When this is set to TRUE a user at the console of a VM (Web Console, VMRC, or other) will not be able to copy data between the VM and the local client. As the default is the desired state you can audit by verifying that the parameter is either unset, or that it is set to the suggested value.","When this is set to TRUE a user at the console of a VM (Web Console, VMRC, or other) will not be able to paste data between the VM and the local client. As the default is the desired state you can audit by verifying that the parameter is either unset, or that it is set to the suggested value.","Repeated disk shrinking can make a virtual disk unavailable. Limited capability is available to non-administrative users in the guest. As the default is the desired state you can audit by verifying that the parameter is either unset, or that it is set to the suggested value.","Repeated disk shrinking can make a virtual disk unavailable. Limited capability is available to non-administrative users in the guest. As the default is the desired state you can audit by verifying that the parameter is either unset, or that it is set to the suggested value.","Multiple users can connect to a single VM console and observe activity. Limiting this to 1 prevents this behavior.","The configuration file containing these name-value pairs is limited to a size of 1 MB by default. This limit is applied even when the sizeLimit parameter is not listed in the .vmx file. Uncontrolled size for the VMX file can lead to denial of service if the datastore is filled.As the default is the desired state you can audit by verifying that the parameter is either unset, or that it is set to the suggested value.","Users and processes without root or administrator privileges within virtual machines can connect or disconnect devices, such as network adapters and CD-ROM drives, and can modify device settings. This could lead to unauthorized access, disruption of operations, and denial of service. As the default is the desired state you can audit by verifying that the parameter is either unset, or that it is set to the suggested value.","By enabling a VM to get detailed information about the physical host, an adversary could potentially use this information to inform further attacks on the host. As the default is the desired state you can audit by verifying that the parameter is either unset, or that it is set to the suggested value.","VThe VMware DirectPath I/O features allow virtual machines to access system hardware directly. This has implications for risk mitigation features such as vMotion, DRS, and High Availability, but also may allow an attacker more privileged access to underlying hardware and the system bus. Ensure that VMs allowed to access hardware directly need this privilege and add compensating controls to ensure the guest OS security.","An attacker might compromise a VM by making use the dvFilter API. Configure only those VMs to use the API that need this access. This setting is considered an ""Audit Only"" guideline. If there is a value present, the admin should check it to ensure it is correct.","It is suggested that 3D be disabled on virtual machines that do not require 3D functionality, (e.g. server or desktops not using 3D applications). This reduces attack surface.","By default a VM uses ""opportunistic"" vMotion encryption, so migrations to another host use encryption if available, but if not it will vMotion without encryption. Setting this to ""required"" ensures that if encryption is not available the vMotion does not proceed.","""Copy and paste operations are disabled by default; however, by explicitly disabling this feature it will enable audit controls to check that this setting is correct. Copy, paste, drag and drop, or GUI copy/paste operations between the guest OS and the remote console could provide the means for an attacker to compromise the VM. As the default is the desired state you can audit by verifying that the parameter is either unset, or that it is set to the suggested value.""","When this is set to TRUE a user at the console of a VM (Web Console, VMRC, or other) will not be able to drag and drop data between the VM and the local client. As the default is the desired state you can audit by verifying that the parameter is either unset, or that it is set to the suggested value.","By default there is a limit of 6 old diagnostic logs. The VMware documentation recommends setting this to 10 to conserve datastore space but also enable troubleshooting should it need to occur.","By default there is no limit on VM diagnostic log sizes, and they are rotated when the VM changes power state or live-migrates using vMotion. On long-running VMs this may consume considerable space. The VMware documentation recommends setting this no lower than 2 MB (measured in KB).","The guidance for this parameter has changed due to serious compatibility issues with modern guest operating systems, versus the limited benefit it provided. Do not set this on new virtual machines. As the default is the desired state you can audit by verifying that the parameter is either unset, or that it is set to the suggested value.","VMs with Independent non-persistent disks.","VMs with Independent non-persistent disks.","An attacker can take advantage of console sessions left logged in.","If the virtual machine advanced setting ""isolation.tools.hgfsServerSet.disable"" does not exist or is not set to ""true"", this is a finding.","If the virtual machine advanced setting ""RemoteDisplay.maxConnections"" does not exist or is not set to ""1"", this is a finding.","This parameter applies to an ESXi feature that is no longer present in this product version. Setting or changing this parameter has no effect on security.","Ask the system administrator if hardened, patched templates are used for VM creation and properly configured operating system deployments, including applications dependent and nondependent on VM-specific configurations.","If a VM console is used to perform VM management tasks other than for troubleshooting VM issues, this is a finding. If SSH and/or terminal management services are exclusively used to perform management tasks, this is not a finding.","logging is not enable"
"Expected Result","ftEncryptionOpportunistic","TRUE","True","Review and disable/remove any unnecessary hardware","Review and disable/remove any unnecessary hardware","Not Set","TRUE","TRUE","TRUE","TRUE","TRUE","1","1048576","TRUE","FALSE","Not Set","TRUE","FALSE","required","FALSE","TRUE","10","10","FALSE","TRUE","TRUE","TRUE","""isolation.tools.hgfsServerSet.disable"" value set to ""true""","Find the ""RemoteDisplay.maxConnections"" value and set it to ""1""","Not Set","This check is a manual or policy based check","This check is a manual or policy based check","Ensure that the checkbox next to ""Enable logging"" is checked."
" "," "," "," "," "," "," "," "," "," "," "," "," "," "," "," "," "," "," "," "," "," "," "," "," "," "," "," "," "," "," "," "," "," "
"apc-exprt-01","ftEncryptionOpportunistic","Not Set","Not Set","SATA controller 0","Not Set","Not Set","Not Set","Not Set","Not Set","Not Set","Not Set","Not Set","Not Set","Not Set","Not Set","Not Set","Not Set","Not Set","opportunistic","Not Set","Not Set","Not Set","Not Set","Not Set","TRUE","Hard disk 1","tools.guest.desktop.autolock:FALSE","Not Set","Not Set","Not Set","Not Set","Not Set","Not Set"
"apc-prom-01","ftEncryptionOpportunistic","Not Set","Not Set","CD/DVD drive 1","Not Set","Not Set","Not Set","Not Set","Not Set","Not Set","Not Set","Not Set","Not Set","Not Set","Not Set","Not Set","Not Set","Not Set","opportunistic","Not Set","Not Set","Not Set","Not Set","Not Set","TRUE","Hard disk 1","Not Set","Not Set","Not Set","Not Set","Not Set","Not Set","Not Set"
"apcmv1-c1-en1","ftEncryptionOpportunistic","Not Set","Not Set","SATA controller 0","Not Set","Not Set","Not Set","Not Set","Not Set","isolation.tools.diskShrink.disable:true","isolation.tools.diskWiper.disable:true","RemoteDisplay.maxConnections:1","Not Set","Not Set","Not Set","Not Set","Not Set","Not Set","opportunistic","Not Set","isolation.tools.vmxDnDVersionGet.disable:true","Not Set","Not Set","Not Set","TRUE","Hard disk 2","Not Set","Not Set","RemoteDisplay.maxConnections:1","Not Set","Not Set","Not Set","Not Set"
"apcmv1-c1-en2","ftEncryptionOpportunistic","Not Set","Not Set","CD/DVD drive 1","Not Set","Not Set","Not Set","Not Set","Not Set","isolation.tools.diskShrink.disable:true","isolation.tools.diskWiper.disable:true","RemoteDisplay.maxConnections:1","Not Set","Not Set","Not Set","Not Set","Not Set","Not Set","opportunistic","Not Set","isolation.tools.vmxDnDVersionGet.disable:true","Not Set","Not Set","Not Set","TRUE","Hard disk 3","Not Set","Not Set","RemoteDisplay.maxConnections:1","Not Set","Not Set","Not Set","Not Set"
"apcmv1-c1-nsx1","ftEncryptionOpportunistic","Not Set","Not Set","Not Set","Not Set","Not Set","Not Set","Not Set","Not Set","isolation.tools.diskShrink.disable:true","isolation.tools.diskWiper.disable:true","RemoteDisplay.maxConnections:1","Not Set","Not Set","Not Set","Not Set","Not Set","Not Set","opportunistic","Not Set","isolation.tools.vmxDnDVersionGet.disable:true","Not Set","Not Set","Not Set","TRUE","Hard disk 1","Not Set","Not Set","RemoteDisplay.maxConnections:1","Not Set","Not Set","Not Set","Not Set"
"apcmv1-c1-nsx2","ftEncryptionOpportunistic","Not Set","Not Set","Not Set","Not Set","Not Set","Not Set","Not Set","Not Set","isolation.tools.diskShrink.disable:true","isolation.tools.diskWiper.disable:true","RemoteDisplay.maxConnections:1","Not Set","Not Set","Not Set","Not Set","Not Set","Not Set","opportunistic","Not Set","isolation.tools.vmxDnDVersionGet.disable:true","Not Set","Not Set","Not Set","TRUE","Hard disk 1","Not Set","Not Set","RemoteDisplay.maxConnections:1","Not Set","Not Set","Not Set","Not Set"
"apcmv1-c1-nsx3","ftEncryptionOpportunistic","Not Set","Not Set","Not Set","Not Set","Not Set","Not Set","Not Set","Not Set","isolation.tools.diskShrink.disable:true","isolation.tools.diskWiper.disable:true","RemoteDisplay.maxConnections:1","Not Set","Not Set","Not Set","Not Set","Not Set","Not Set","opportunistic","Not Set","isolation.tools.vmxDnDVersionGet.disable:true","Not Set","Not Set","Not Set","TRUE","Hard disk 1","Not Set","Not Set","RemoteDisplay.maxConnections:1","Not Set","Not Set","Not Set","Not Set"
"apcmv1-c1-vc","ftEncryptionOpportunistic","Not Set","Not Set","Not Set","Not Set","Not Set","Not Set","Not Set","Not Set","Not Set","Not Set","Not Set","Not Set","Not Set","Not Set","Not Set","Not Set","Not Set","opportunistic","Not Set","Not Set","Not Set","Not Set","Not Set","TRUE","Hard disk 2","Not Set","Not Set","Not Set","Not Set","Not Set","Not Set","Not Set"
"apcmv1-c1-vrm","ftEncryptionOpportunistic","Not Set","Not Set","Not Set","@{Parent=apcmv1-c1-vrm; Name=Floppy drive 1; ConnectionState=NotConnected, GuestControl, NoStartConnected}","Not Set","Not Set","Not Set","Not Set","Not Set","Not Set","Not Set","Not Set","Not Set","Not Set","Not Set","Not Set","Not Set","opportunistic","Not Set","Not Set","Not Set","Not Set","Not Set","TRUE","Hard disk 1","tools.guest.desktop.autolock:FALSE","Not Set","Not Set","Not Set","Not Set","Not Set","Not Set"
"apcmv1-c1rpa1","ftEncryptionOpportunistic","Not Set","Not Set","CD/DVD drive 1","Not Set","Not Set","Not Set","Not Set","Not Set","Not Set","Not Set","Not Set","Not Set","Not Set","Not Set","Not Set","Not Set","Not Set","opportunistic","Not Set","Not Set","Not Set","Not Set","Not Set","TRUE","Hard disk 2","Not Set","Not Set","Not Set","Not Set","Not Set","Not Set","Not Set"
"apcmv1-c1rpa2","ftEncryptionOpportunistic","Not Set","Not Set","USB controller ","Not Set","Not Set","Not Set","Not Set","Not Set","Not Set","Not Set","Not Set","Not Set","Not Set","Not Set","Not Set","Not Set","Not Set","opportunistic","Not Set","Not Set","Not Set","Not Set","Not Set","TRUE","Hard disk 1","Not Set","Not Set","Not Set","Not Set","Not Set","Not Set","Not Set"
"apcmv1-c1rpa3","ftEncryptionOpportunistic","Not Set","Not Set","Floppy drive 1","Not Set","Not Set","Not Set","Not Set","Not Set","Not Set","Not Set","Not Set","Not Set","Not Set","Not Set","Not Set","Not Set","Not Set","opportunistic","Not Set","Not Set","Not Set","Not Set","Not Set","TRUE","Hard disk 2","Not Set","Not Set","Not Set","Not Set","Not Set","Not Set","Not Set"
"apcmv1-cb","ftEncryptionOpportunistic","Not Set","Not Set","CD/DVD drive 1","Not Set","Not Set","Not Set","Not Set","Not Set","Not Set","Not Set","Not Set","Not Set","Not Set","Not Set","Not Set","Not Set","Not Set","opportunistic","Not Set","Not Set","Not Set","Not Set","Not Set","TRUE","Hard disk 1","Not Set","Not Set","Not Set","Not Set","Not Set","Not Set","Not Set"
"apcmv1-plg1","ftEncryptionOpportunistic","Not Set","Not Set","CD/DVD drive 1","Not Set","Not Set","Not Set","Not Set","Not Set","Not Set","Not Set","Not Set","Not Set","Not Set","Not Set","Not Set","Not Set","Not Set","opportunistic","Not Set","Not Set","Not Set","Not Set","Not Set","TRUE","Hard disk 2","Not Set","Not Set","Not Set","Not Set","Not Set","Not Set","Not Set"
"apcmv1-scg1","ftEncryptionOpportunistic","Not Set","Not Set","CD/DVD drive 1","@{Parent=apcmv1-scg1; Name=Floppy drive 1; ConnectionState=NotConnected, GuestControl, NoStartConnected}","Not Set","Not Set","Not Set","Not Set","Not Set","Not Set","Not Set","Not Set","Not Set","Not Set","Not Set","Not Set","Not Set","opportunistic","Not Set","Not Set","Not Set","Not Set","Not Set","TRUE","Hard disk 3","Not Set","Not Set","Not Set","Not Set","Not Set","Not Set","Not Set"
"apcmv1-vcf","ftEncryptionOpportunistic","Not Set","Not Set","SATA controller 0","Not Set","Not Set","Not Set","Not Set","Not Set","Not Set","Not Set","Not Set","Not Set","Not Set","Not Set","Not Set","Not Set","Not Set","opportunistic","Not Set","Not Set","Not Set","Not Set","Not Set","TRUE","Hard disk 4","Not Set","Not Set","Not Set","Not Set","Not Set","Not Set","Not Set"
"apcmv1-vrc-artd-mcm30375-244290817437","ftEncryptionOpportunistic","Not Set","Not Set","CD/DVD drive 1","@{Parent=apcmv1-vrc-artd-mcm30375-244290817437; Name=Floppy drive 1; ConnectionState=NotConnected, GuestControl, NoStartConnected}","Not Set","Not Set","Not Set","Not Set","Not Set","Not Set","Not Set","Not Set","Not Set","Not Set","Not Set","Not Set","Not Set","opportunistic","Not Set","Not Set","Not Set","Not Set","Not Set","TRUE","Hard disk 5","Not Set","Not Set","Not Set","Not Set","Not Set","Not Set","Not Set"
"apcmv1-vrc-artp-mcm2416732-244913092945","ftEncryptionOpportunistic","Not Set","Not Set","Not Set","@{Parent=apcmv1-vrc-artp-mcm2416732-244913092945; Name=Floppy drive 1; ConnectionState=NotConnected, GuestControl, NoStartConnected}","Not Set","Not Set","Not Set","Not Set","Not Set","Not Set","Not Set","Not Set","Not Set","Not Set","Not Set","Not Set","Not Set","opportunistic","Not Set","Not Set","Not Set","Not Set","Not Set","TRUE","Hard disk 6","Not Set","Not Set","Not Set","Not Set","Not Set","Not Set","Not Set"
"apcmv1-vrc-awxd","ftEncryptionOpportunistic","Not Set","Not Set","USB controller ","Not Set","Not Set","Not Set","Not Set","Not Set","Not Set","Not Set","Not Set","Not Set","Not Set","Not Set","Not Set","Not Set","Not Set","opportunistic","Not Set","Not Set","Not Set","Not Set","Not Set","TRUE","Hard disk 7","Not Set","Not Set","Not Set","Not Set","Not Set","Not Set","Not Set"
"apcmv1-vrc-awxp","ftEncryptionOpportunistic","Not Set","Not Set","Floppy drive 1","Not Set","Not Set","Not Set","Not Set","Not Set","Not Set","Not Set","Not Set","Not Set","Not Set","Not Set","Not Set","Not Set","Not Set","opportunistic","Not Set","Not Set","Not Set","Not Set","Not Set","TRUE","Hard disk 8","Not Set","Not Set","Not Set","Not Set","Not Set","Not Set","Not Set"
"apcmv1-vrc-cld1","ftEncryptionOpportunistic","Not Set","Not Set","SATA controller 0","Not Set","Not Set","Not Set","Not Set","Not Set","Not Set","Not Set","Not Set","Not Set","Not Set","Not Set","Not Set","Not Set","Not Set","opportunistic","Not Set","Not Set","Not Set","Not Set","Not Set","TRUE","Hard disk 9","Not Set","Not Set","Not Set","Not Set","Not Set","Not Set","Not Set"
"apcmv1-vrc-cldd1","ftEncryptionOpportunistic","Not Set","Not Set","CD/DVD drive 1","Not Set","Not Set","Not Set","Not Set","Not Set","Not Set","Not Set","Not Set","Not Set","Not Set","Not Set","Not Set","Not Set","Not Set","opportunistic","Not Set","Not Set","Not Set","Not Set","Not Set","TRUE","Hard disk 10","Not Set","Not Set","Not Set","Not Set","Not Set","Not Set","Not Set"
"apcmv1-vrc-ext1","ftEncryptionOpportunistic","Not Set","Not Set","CD/DVD drive 1","Not Set","Not Set","Not Set","Not Set","Not Set","Not Set","Not Set","Not Set","Not Set","Not Set","Not Set","Not Set","Not Set","Not Set","opportunistic","Not Set","Not Set","Not Set","Not Set","Not Set","TRUE","Hard disk 11","Not Set","Not Set","Not Set","Not Set","Not Set","Not Set","Not Set"
"apcmv1-vrc-extd1","ftEncryptionOpportunistic","Not Set","Not Set","Floppy drive 1","Not Set","Not Set","Not Set","Not Set","Not Set","Not Set","Not Set","Not Set","Not Set","Not Set","Not Set","Not Set","Not Set","Not Set","opportunistic","Not Set","Not Set","Not Set","Not Set","Not Set","TRUE","Hard disk 12","Not Set","Not Set","Not Set","Not Set","Not Set","Not Set","Not Set"
"APCZIACNTR1","ftEncryptionOpportunistic","Not Set","Not Set","CD/DVD drive 1","Not Set","Not Set","Not Set","Not Set","Not Set","Not Set","Not Set","Not Set","Not Set","Not Set","Not Set","Not Set","Not Set","Not Set","opportunistic","Not Set","Not Set","Not Set","Not Set","Not Set","TRUE","Hard disk 13","tools.guest.desktop.autolock:FALSE","Not Set","Not Set","Not Set","Not Set","Not Set","Not Set"
"APCZIACNTR2","ftEncryptionOpportunistic","Not Set","Not Set","Floppy drive 1","Not Set","Not Set","Not Set","Not Set","Not Set","Not Set","Not Set","Not Set","Not Set","Not Set","Not Set","Not Set","Not Set","Not Set","opportunistic","Not Set","Not Set","Not Set","Not Set","Not Set","TRUE","Hard disk 14","tools.guest.desktop.autolock:FALSE","Not Set","Not Set","Not Set","Not Set","Not Set","Not Set"
"apdmv1-scg1.copy","ftEncryptionOpportunistic","Not Set","Not Set","SATA controller 0","@{Parent=apdmv1-scg1.copy; Name=Floppy drive 1; ConnectionState=NotConnected, NoGuestControl, StartConnected}","Not Set","Not Set","Not Set","Not Set","Not Set","Not Set","Not Set","Not Set","Not Set","Not Set","Not Set","Not Set","Not Set","opportunistic","Not Set","Not Set","Not Set","Not Set","Not Set","TRUE","Hard disk 15","Not Set","Not Set","Not Set","Not Set","Not Set","Not Set","Not Set"
"APPAPCPENP001","ftEncryptionOpportunistic","Not Set","Not Set","CD/DVD drive 1","Not Set","Not Set","Not Set","Not Set","Not Set","Not Set","Not Set","Not Set","Not Set","Not Set","Not Set","Not Set","Not Set","Not Set","opportunistic","Not Set","Not Set","Not Set","Not Set","Not Set","TRUE","Hard disk 16","Not Set","Not Set","Not Set","Not Set","Not Set","Not Set","Not Set"
"appapcupzpa01","ftEncryptionOpportunistic","Not Set","Not Set","SATA controller 0","Not Set","Not Set","Not Set","Not Set","Not Set","Not Set","Not Set","Not Set","Not Set","Not Set","Not Set","Not Set","Not Set","Not Set","opportunistic","Not Set","Not Set","Not Set","Not Set","Not Set","TRUE","Hard disk 17","Not Set","Not Set","Not Set","Not Set","Not Set","Not Set","Not Set"
"appapcupzpa03","ftEncryptionOpportunistic","Not Set","Not Set","CD/DVD drive 1","Not Set","Not Set","Not Set","Not Set","Not Set","Not Set","Not Set","Not Set","Not Set","Not Set","Not Set","Not Set","Not Set","Not Set","opportunistic","Not Set","Not Set","Not Set","Not Set","Not Set","TRUE","Hard disk 1","Not Set","Not Set","Not Set","Not Set","Not Set","Not Set","Not Set"
"appapcupzpa05","ftEncryptionOpportunistic","Not Set","Not Set","Not Set","Not Set","Not Set","Not Set","Not Set","Not Set","Not Set","Not Set","Not Set","Not Set","Not Set","Not Set","Not Set","Not Set","Not Set","opportunistic","Not Set","Not Set","Not Set","Not Set","Not Set","TRUE","Hard disk 2","Not Set","Not Set","Not Set","Not Set","Not Set","Not Set","Not Set"
"appapcupzpa07","ftEncryptionOpportunistic","Not Set","Not Set","Not Set","Not Set","Not Set","Not Set","Not Set","Not Set","Not Set","Not Set","Not Set","Not Set","Not Set","Not Set","Not Set","Not Set","Not Set","opportunistic","Not Set","Not Set","Not Set","Not Set","Not Set","TRUE","Hard disk 3","Not Set","Not Set","Not Set","Not Set","Not Set","Not Set","Not Set"
"appapcupzpa09","ftEncryptionOpportunistic","Not Set","Not Set","CD/DVD drive 1","Not Set","Not Set","Not Set","Not Set","Not Set","Not Set","Not Set","Not Set","Not Set","Not Set","Not Set","Not Set","Not Set","Not Set","opportunistic","Not Set","Not Set","Not Set","Not Set","Not Set","TRUE","Hard disk 1","Not Set","Not Set","Not Set","Not Set","Not Set","Not Set","Not Set"
"APPSGSGUPCTW06","ftEncryptionOpportunistic","Not Set","Not Set","CD/DVD drive 1","Not Set","Not Set","Not Set","Not Set","Not Set","Not Set","Not Set","Not Set","Not Set","Not Set","Not Set","Not Set","Not Set","Not Set","opportunistic","Not Set","Not Set","Not Set","Not Set","Not Set","TRUE","Hard disk 2","tools.guest.desktop.autolock:FALSE","Not Set","Not Set","Not Set","Not Set","Not Set","Not Set"
"appsgsgvmn01","ftEncryptionOpportunistic","Not Set","Not Set","CD/DVD drive 1","Not Set","Not Set","Not Set","Not Set","Not Set","Not Set","Not Set","Not Set","Not Set","Not Set","Not Set","Not Set","Not Set","Not Set","opportunistic","Not Set","Not Set","Not Set","Not Set","Not Set","TRUE","Hard disk 1","tools.guest.desktop.autolock:FALSE","Not Set","Not Set","Not Set","Not Set","Not Set","Not Set"
"appsgsgvmn02","ftEncryptionOpportunistic","Not Set","Not Set","CD/DVD drive 1","Not Set","Not Set","Not Set","Not Set","Not Set","Not Set","Not Set","Not Set","Not Set","Not Set","Not Set","Not Set","Not Set","Not Set","opportunistic","Not Set","Not Set","Not Set","Not Set","Not Set","TRUE","Hard disk 2","tools.guest.desktop.autolock:FALSE","Not Set","Not Set","Not Set","Not Set","Not Set","Not Set"
"APPSGSGVSC01","ftEncryptionOpportunistic","Not Set","Not Set","USB controller ","Not Set","Not Set","Not Set","Not Set","Not Set","Not Set","Not Set","Not Set","Not Set","Not Set","Not Set","Not Set","Not Set","Not Set","opportunistic","Not Set","Not Set","Not Set","Not Set","Not Set","TRUE","Hard disk 1","tools.guest.desktop.autolock:FALSE","Not Set","Not Set","Not Set","Not Set","Not Set","Not Set"
"HCX-TEST-VM-1","ftEncryptionOpportunistic","Not Set","Not Set","Floppy drive 1","Not Set","Not Set","Not Set","Not Set","Not Set","Not Set","Not Set","Not Set","Not Set","Not Set","Not Set","Not Set","Not Set","Not Set","opportunistic","Not Set","Not Set","Not Set","Not Set","Not Set","TRUE","Hard disk 2","tools.guest.desktop.autolock:FALSE","Not Set","Not Set","Not Set","Not Set","Not Set","Not Set"
"laptpvd0003","ftEncryptionOpportunistic","Not Set","Not Set","USB controller ","Not Set","Not Set","Not Set","Not Set","Not Set","Not Set","Not Set","Not Set","Not Set","Not Set","Not Set","Not Set","Not Set","Not Set","opportunistic","Not Set","Not Set","Not Set","Not Set","Not Set","TRUE","Hard disk 1","Not Set","Not Set","Not Set","Not Set","Not Set","Not Set","Not Set"
"laptpvd0005","ftEncryptionOpportunistic","Not Set","Not Set","SATA controller 0","Not Set","Not Set","Not Set","Not Set","Not Set","Not Set","Not Set","Not Set","Not Set","Not Set","Not Set","Not Set","Not Set","Not Set","opportunistic","Not Set","Not Set","Not Set","Not Set","Not Set","TRUE","Hard disk 2","Not Set","Not Set","Not Set","Not Set","Not Set","Not Set","Not Set"
"laptpyz0005","ftEncryptionOpportunistic","Not Set","Not Set","CD/DVD drive 1","Not Set","Not Set","Not Set","Not Set","Not Set","Not Set","Not Set","Not Set","Not Set","Not Set","Not Set","Not Set","Not Set","Not Set","opportunistic","Not Set","Not Set","Not Set","Not Set","Not Set","TRUE","Hard disk 3","Not Set","Not Set","Not Set","Not Set","Not Set","Not Set","Not Set"
"laptpyz0007","ftEncryptionOpportunistic","Not Set","Not Set","CD/DVD drive 1","Not Set","Not Set","Not Set","Not Set","Not Set","Not Set","Not Set","Not Set","Not Set","Not Set","Not Set","Not Set","Not Set","Not Set","opportunistic","Not Set","Not Set","Not Set","Not Set","Not Set","TRUE","Hard disk 4","Not Set","Not Set","Not Set","Not Set","Not Set","Not Set","Not Set"
"rp.APDZIACNTR1.copy.shadow","ftEncryptionOpportunistic","Not Set","Not Set","CD/DVD drive 1","@{Parent=rp.APDZIACNTR1.copy.shadow; Name=Floppy drive 1; ConnectionState=NotConnected, NoGuestControl, StartConnected}","Not Set","Not Set","Not Set","Not Set","Not Set","Not Set","Not Set","Not Set","Not Set","Not Set","Not Set","Not Set","Not Set","opportunistic","Not Set","Not Set","Not Set","Not Set","Not Set","TRUE","Hard disk 1","Not Set","Not Set","Not Set","Not Set","Not Set","Not Set","Not Set"
"rp.APDZIACNTR2.copy.shadow","ftEncryptionOpportunistic","Not Set","Not Set","CD/DVD drive 1","@{Parent=rp.APDZIACNTR2.copy.shadow; Name=Floppy drive 1; ConnectionState=NotConnected, NoGuestControl, StartConnected}","Not Set","Not Set","Not Set","Not Set","Not Set","Not Set","Not Set","Not Set","Not Set","Not Set","Not Set","Not Set","Not Set","opportunistic","Not Set","Not Set","Not Set","Not Set","Not Set","TRUE","Hard disk 1","Not Set","Not Set","Not Set","Not Set","Not Set","Not Set","Not Set"
"rp.appsgdrvmn01.copy.shadow","ftEncryptionOpportunistic","Not Set","Not Set","CD/DVD drive 1","@{Parent=rp.appsgdrvmn01.copy.shadow; Name=Floppy drive 1; ConnectionState=NotConnected, NoGuestControl, StartConnected}","Not Set","Not Set","Not Set","Not Set","Not Set","Not Set","Not Set","Not Set","Not Set","Not Set","Not Set","Not Set","Not Set","opportunistic","Not Set","Not Set","Not Set","Not Set","Not Set","TRUE","Hard disk 1","Not Set","Not Set","Not Set","Not Set","Not Set","Not Set","Not Set"
"rp.appsgdrvmn02.copy.shadow","ftEncryptionOpportunistic","Not Set","Not Set","CD/DVD drive 1","@{Parent=rp.appsgdrvmn02.copy.shadow; Name=Floppy drive 1; ConnectionState=NotConnected, NoGuestControl, StartConnected}","Not Set","Not Set","Not Set","Not Set","Not Set","Not Set","Not Set","Not Set","Not Set","Not Set","Not Set","Not Set","Not Set","opportunistic","Not Set","Not Set","Not Set","Not Set","Not Set","TRUE","Hard disk 2","Not Set","Not Set","Not Set","Not Set","Not Set","Not Set","Not Set"
"rp.APPSGTMUPCTW06.copy.shadow","ftEncryptionOpportunistic","Not Set","Not Set","Not Set","@{Parent=rp.APPSGTMUPCTW06.copy.shadow; Name=Floppy drive 1; ConnectionState=NotConnected, NoGuestControl, StartConnected}","Not Set","Not Set","Not Set","Not Set","Not Set","Not Set","Not Set","Not Set","Not Set","Not Set","Not Set","Not Set","Not Set","opportunistic","Not Set","Not Set","Not Set","Not Set","Not Set","TRUE","Hard disk 3","Not Set","Not Set","Not Set","Not Set","Not Set","Not Set","Not Set"
"rp.APPSGTMVSC01.copy.shadow","ftEncryptionOpportunistic","Not Set","Not Set","CD/DVD drive 1","@{Parent=rp.APPSGTMVSC01.copy.shadow; Name=Floppy drive 1; ConnectionState=NotConnected, NoGuestControl, StartConnected}","Not Set","Not Set","Not Set","Not Set","Not Set","Not Set","Not Set","Not Set","Not Set","Not Set","Not Set","Not Set","Not Set","opportunistic","Not Set","Not Set","Not Set","Not Set","Not Set","TRUE","Hard disk 4","Not Set","Not Set","Not Set","Not Set","Not Set","Not Set","Not Set"
"rp.palapa.shadow","ftEncryptionOpportunistic","Not Set","Not Set","CD/DVD drive 1","@{Parent=rp.palapa.shadow; Name=Floppy drive 1; ConnectionState=NotConnected, NoGuestControl, StartConnected}","Not Set","Not Set","Not Set","Not Set","Not Set","Not Set","Not Set","Not Set","Not Set","Not Set","Not Set","Not Set","Not Set","opportunistic","Not Set","Not Set","Not Set","Not Set","Not Set","TRUE","Hard disk 5","tools.guest.desktop.autolock:FALSE","Not Set","Not Set","Not Set","Not Set","Not Set","Not Set"
"rp.SGSGICCP001.shadow","ftEncryptionOpportunistic","isolation.device.edit.disable:TRUE","isolation.device.edit.disable:TRUE","CD/DVD drive 1","@{Parent=rp.SGSGICCP001.shadow; Name=Floppy drive 1; ConnectionState=NotConnected, NoGuestControl, StartConnected}","Not Set","Not Set","Not Set","Not Set","isolation.tools.diskShrink.disable:TRUE","Not Set","Not Set","tools.setInfo.sizeLimit:1048576","Not Set","@{Name=tools.guestlib.enableHostInfo; Value=FALSE}","Not Set","Not Set","Not Set","opportunistic","Not Set","Not Set","log.keepOld:10","log.rotateSize:100000","Not Set","TRUE","Hard disk 6","tools.guest.desktop.autolock:FALSE","Not Set","Not Set","Not Set","Not Set","Not Set","Not Set"
"rp.SGSGICCP002.shadow","ftEncryptionOpportunistic","isolation.device.edit.disable:TRUE","isolation.device.edit.disable:TRUE","USB xHCI controller ","@{Parent=rp.SGSGICCP002.shadow; Name=Floppy drive 1; ConnectionState=NotConnected, NoGuestControl, StartConnected}","Not Set","Not Set","Not Set","Not Set","isolation.tools.diskShrink.disable:TRUE","Not Set","Not Set","tools.setInfo.sizeLimit:1048576","Not Set","@{Name=tools.guestlib.enableHostInfo; Value=FALSE}","Not Set","Not Set","Not Set","opportunistic","Not Set","Not Set","log.keepOld:10","log.rotateSize:100000","Not Set","TRUE","Hard disk 1","tools.guest.desktop.autolock:FALSE","Not Set","Not Set","Not Set","Not Set","Not Set","Not Set"
"rp.SGSGICCP003.shadow","ftEncryptionOpportunistic","isolation.device.edit.disable:TRUE","isolation.device.edit.disable:TRUE","SATA controller 0","@{Parent=rp.SGSGICCP003.shadow; Name=Floppy drive 1; ConnectionState=NotConnected, NoGuestControl, StartConnected}","Not Set","Not Set","Not Set","Not Set","isolation.tools.diskShrink.disable:TRUE","Not Set","Not Set","tools.setInfo.sizeLimit:1048576","Not Set","@{Name=tools.guestlib.enableHostInfo; Value=FALSE}","Not Set","Not Set","Not Set","opportunistic","Not Set","Not Set","log.keepOld:10","log.rotateSize:100000","Not Set","TRUE","Hard disk 2","tools.guest.desktop.autolock:FALSE","Not Set","Not Set","Not Set","Not Set","Not Set","Not Set"
"rp.SGSGICCP004.shadow","ftEncryptionOpportunistic","isolation.device.edit.disable:TRUE","isolation.device.edit.disable:TRUE","CD/DVD drive 1","@{Parent=rp.SGSGICCP004.shadow; Name=Floppy drive 1; ConnectionState=NotConnected, NoGuestControl, StartConnected}","Not Set","Not Set","Not Set","Not Set","isolation.tools.diskShrink.disable:TRUE","Not Set","Not Set","tools.setInfo.sizeLimit:1048576","Not Set","@{Name=tools.guestlib.enableHostInfo; Value=FALSE}","Not Set","Not Set","Not Set","opportunistic","Not Set","Not Set","log.keepOld:10","log.rotateSize:100000","Not Set","TRUE","Hard disk 1","tools.guest.desktop.autolock:FALSE","Not Set","Not Set","Not Set","Not Set","Not Set","Not Set"
"rp.SGSGICCP010.shadow","ftEncryptionOpportunistic","isolation.device.edit.disable:TRUE","isolation.device.edit.disable:TRUE","CD/DVD drive 1","@{Parent=rp.SGSGICCP010.shadow; Name=Floppy drive 1; ConnectionState=NotConnected, NoGuestControl, StartConnected}","Not Set","Not Set","Not Set","Not Set","isolation.tools.diskShrink.disable:TRUE","Not Set","Not Set","tools.setInfo.sizeLimit:1048576","Not Set","@{Name=tools.guestlib.enableHostInfo; Value=FALSE}","Not Set","Not Set","Not Set","opportunistic","Not Set","Not Set","log.keepOld:10","log.rotateSize:100000","Not Set","TRUE","Hard disk 2","tools.guest.desktop.autolock:FALSE","Not Set","Not Set","Not Set","Not Set","Not Set","Not Set"
"rp.SGSGICCP011.shadow","ftEncryptionOpportunistic","isolation.device.edit.disable:TRUE","isolation.device.edit.disable:TRUE","CD/DVD drive 1","@{Parent=rp.SGSGICCP011.shadow; Name=Floppy drive 1; ConnectionState=NotConnected, NoGuestControl, StartConnected}","Not Set","Not Set","Not Set","Not Set","isolation.tools.diskShrink.disable:TRUE","Not Set","Not Set","tools.setInfo.sizeLimit:1048576","Not Set","@{Name=tools.guestlib.enableHostInfo; Value=FALSE}","Not Set","Not Set","Not Set","opportunistic","Not Set","Not Set","log.keepOld:10","log.rotateSize:100000","Not Set","TRUE","Hard disk 1","tools.guest.desktop.autolock:FALSE","Not Set","Not Set","Not Set","Not Set","Not Set","Not Set"
"rp.SGSGILPP001.shadow","ftEncryptionOpportunistic","Not Set","Not Set","CD/DVD drive 1","@{Parent=rp.SGSGILPP001.shadow; Name=Floppy drive 1; ConnectionState=NotConnected, NoGuestControl, StartConnected}","Not Set","Not Set","Not Set","Not Set","Not Set","Not Set","Not Set","Not Set","Not Set","Not Set","Not Set","Not Set","Not Set","opportunistic","Not Set","Not Set","Not Set","Not Set","Not Set","TRUE","Hard disk 1","tools.guest.desktop.autolock:FALSE","Not Set","Not Set","Not Set","Not Set","Not Set","Not Set"
"rp.SGSGMLAP001.shadow","ftEncryptionOpportunistic","isolation.device.edit.disable:TRUE","isolation.device.edit.disable:TRUE","CD/DVD drive 1","@{Parent=rp.SGSGMLAP001.shadow; Name=Floppy drive 1; ConnectionState=NotConnected, NoGuestControl, StartConnected}","Not Set","Not Set","Not Set","Not Set","isolation.tools.diskShrink.disable:TRUE","Not Set","Not Set","tools.setInfo.sizeLimit:1048576","Not Set","@{Name=tools.guestlib.enableHostInfo; Value=FALSE}","Not Set","Not Set","Not Set","opportunistic","Not Set","Not Set","log.keepOld:10","log.rotateSize:100000","Not Set","TRUE","Hard disk 1","tools.guest.desktop.autolock:FALSE","Not Set","Not Set","Not Set","Not Set","Not Set","Not Set"
"rp.SGSGMLAP002.shadow","ftEncryptionOpportunistic","isolation.device.edit.disable:TRUE","isolation.device.edit.disable:TRUE","CD/DVD drive 1","@{Parent=rp.SGSGMLAP002.shadow; Name=Floppy drive 1; ConnectionState=NotConnected, NoGuestControl, StartConnected}","Not Set","Not Set","Not Set","Not Set","isolation.tools.diskShrink.disable:TRUE","Not Set","Not Set","tools.setInfo.sizeLimit:1048576","Not Set","@{Name=tools.guestlib.enableHostInfo; Value=FALSE}","Not Set","Not Set","Not Set","opportunistic","Not Set","Not Set","log.keepOld:10","log.rotateSize:100000","Not Set","TRUE","Hard disk 2","tools.guest.desktop.autolock:FALSE","Not Set","Not Set","Not Set","Not Set","Not Set","Not Set"
"rp.SGSGSCMP01.shadow","ftEncryptionOpportunistic","isolation.device.edit.disable:TRUE","isolation.device.edit.disable:TRUE","Floppy drive 1","@{Parent=rp.SGSGSCMP01.shadow; Name=Floppy drive 1; ConnectionState=NotConnected, NoGuestControl, StartConnected}","Not Set","Not Set","Not Set","Not Set","isolation.tools.diskShrink.disable:true","Not Set","Not Set","tools.setInfo.sizeLimit:1048576","Not Set","@{Name=tools.guestlib.enableHostInfo; Value=FALSE}","Not Set","Not Set","Not Set","opportunistic","Not Set","Not Set","log.keepOld:10","log.rotateSize:100000","Not Set","TRUE","Hard disk 1","tools.guest.desktop.autolock:FALSE","Not Set","Not Set","Not Set","Not Set","Not Set","Not Set"
"rp.SGSGSMPP003.shadow","ftEncryptionOpportunistic","Not Set","Not Set","CD/DVD drive 1","@{Parent=rp.SGSGSMPP003.shadow; Name=Floppy drive 1; ConnectionState=NotConnected, NoGuestControl, StartConnected}","Not Set","Not Set","Not Set","Not Set","Not Set","Not Set","Not Set","Not Set","Not Set","Not Set","Not Set","Not Set","Not Set","opportunistic","Not Set","Not Set","Not Set","Not Set","Not Set","TRUE","Hard disk 2","Not Set","Not Set","Not Set","Not Set","Not Set","Not Set","Not Set"
"rp.SGSGWINP002.shadow","ftEncryptionOpportunistic","Not Set","Not Set","Floppy drive 1","@{Parent=rp.SGSGWINP002.shadow; Name=Floppy drive 1; ConnectionState=NotConnected, NoGuestControl, StartConnected}","Not Set","Not Set","Not Set","Not Set","Not Set","Not Set","Not Set","Not Set","Not Set","Not Set","Not Set","Not Set","Not Set","opportunistic","Not Set","Not Set","Not Set","Not Set","Not Set","TRUE","Hard disk 1","tools.guest.desktop.autolock:FALSE","Not Set","Not Set","Not Set","Not Set","Not Set","Not Set"
"rp.SGSGWINP075.shadow","ftEncryptionOpportunistic","isolation.device.edit.disable:TRUE","isolation.device.edit.disable:TRUE","CD/DVD drive 1","@{Parent=rp.SGSGWINP075.shadow; Name=Floppy drive 1; ConnectionState=NotConnected, NoGuestControl, StartConnected}","Not Set","Not Set","Not Set","Not Set","isolation.tools.diskShrink.disable:TRUE","Not Set","Not Set","tools.setInfo.sizeLimit:1048576","Not Set","@{Name=tools.guestlib.enableHostInfo; Value=FALSE}","Not Set","Not Set","Not Set","opportunistic","Not Set","Not Set","log.keepOld:10","log.rotateSize:100000","Not Set","TRUE","Hard disk 2","tools.guest.desktop.autolock:FALSE","Not Set","Not Set","Not Set","Not Set","Not Set","Not Set"
"rp.SGTMCTXP001.copy.shadow","ftEncryptionOpportunistic","Not Set","Not Set","Floppy drive 1","@{Parent=rp.SGTMCTXP001.copy.shadow; Name=Floppy drive 1; ConnectionState=NotConnected, NoGuestControl, StartConnected}","Not Set","Not Set","Not Set","Not Set","Not Set","Not Set","Not Set","Not Set","Not Set","Not Set","Not Set","Not Set","Not Set","opportunistic","Not Set","Not Set","Not Set","Not Set","Not Set","TRUE","Hard disk 3","Not Set","Not Set","Not Set","Not Set","Not Set","Not Set","Not Set"
"rp.SGTMFAXP002.copy.shadow","ftEncryptionOpportunistic","Not Set","Not Set","CD/DVD drive 1","@{Parent=rp.SGTMFAXP002.copy.shadow; Name=Floppy drive 1; ConnectionState=NotConnected, NoGuestControl, StartConnected}","Not Set","Not Set","Not Set","Not Set","Not Set","Not Set","Not Set","Not Set","Not Set","Not Set","Not Set","Not Set","Not Set","opportunistic","Not Set","Not Set","Not Set","Not Set","Not Set","TRUE","Hard disk 4","Not Set","Not Set","Not Set","Not Set","Not Set","Not Set","Not Set"
"rp.SGTMFXCP003.copy.shadow","ftEncryptionOpportunistic","Not Set","Not Set","Floppy drive 1","@{Parent=rp.SGTMFXCP003.copy.shadow; Name=Floppy drive 1; ConnectionState=NotConnected, NoGuestControl, StartConnected}","Not Set","Not Set","Not Set","Not Set","Not Set","Not Set","Not Set","Not Set","Not Set","Not Set","Not Set","Not Set","Not Set","opportunistic","Not Set","Not Set","Not Set","Not Set","Not Set","TRUE","Hard disk 1","Not Set","Not Set","Not Set","Not Set","Not Set","Not Set","Not Set"
"rp.SGTMGBSP001.copy.shadow","ftEncryptionOpportunistic","Not Set","Not Set","Floppy drive 1","@{Parent=rp.SGTMGBSP001.copy.shadow; Name=Floppy drive 1; ConnectionState=NotConnected, NoGuestControl, StartConnected}","Not Set","Not Set","Not Set","Not Set","Not Set","Not Set","Not Set","Not Set","Not Set","Not Set","Not Set","Not Set","Not Set","opportunistic","Not Set","Not Set","Not Set","Not Set","Not Set","TRUE","Hard disk 2","Not Set","Not Set","Not Set","Not Set","Not Set","Not Set","Not Set"
"rp.SGTMJYGP001.copy.shadow","ftEncryptionOpportunistic","Not Set","Not Set","CD/DVD drive 1","@{Parent=rp.SGTMJYGP001.copy.shadow; Name=Floppy drive 1; ConnectionState=NotConnected, NoGuestControl, StartConnected}","Not Set","Not Set","Not Set","Not Set","Not Set","Not Set","Not Set","Not Set","Not Set","Not Set","Not Set","Not Set","Not Set","opportunistic","Not Set","Not Set","Not Set","Not Set","Not Set","TRUE","Hard disk 3","Not Set","Not Set","Not Set","Not Set","Not Set","Not Set","Not Set"
"rp.SGTMJYGP002.copy.shadow","ftEncryptionOpportunistic","Not Set","Not Set","Floppy drive 1","@{Parent=rp.SGTMJYGP002.copy.shadow; Name=Floppy drive 1; ConnectionState=NotConnected, NoGuestControl, StartConnected}","Not Set","Not Set","Not Set","Not Set","Not Set","Not Set","Not Set","Not Set","Not Set","Not Set","Not Set","Not Set","Not Set","opportunistic","Not Set","Not Set","Not Set","Not Set","Not Set","TRUE","Hard disk 4","Not Set","Not Set","Not Set","Not Set","Not Set","Not Set","Not Set"
"rp.SGTMNOTP001.copy.shadow","ftEncryptionOpportunistic","Not Set","Not Set","CD/DVD drive 1","@{Parent=rp.SGTMNOTP001.copy.shadow; Name=Floppy drive 1; ConnectionState=NotConnected, NoGuestControl, StartConnected}","Not Set","Not Set","Not Set","Not Set","Not Set","Not Set","Not Set","Not Set","Not Set","Not Set","Not Set","Not Set","Not Set","opportunistic","Not Set","Not Set","Not Set","Not Set","Not Set","TRUE","Hard disk 1","Not Set","Not Set","Not Set","Not Set","Not Set","Not Set","Not Set"
"rp.SGTMSCMP20.copy.shadow","ftEncryptionOpportunistic","Not Set","Not Set","Floppy drive 1","@{Parent=rp.SGTMSCMP20.copy.shadow; Name=Floppy drive 1; ConnectionState=NotConnected, NoGuestControl, StartConnected}","Not Set","Not Set","Not Set","Not Set","Not Set","Not Set","Not Set","Not Set","Not Set","Not Set","Not Set","Not Set","Not Set","opportunistic","Not Set","Not Set","Not Set","Not Set","Not Set","TRUE","Hard disk 1","Not Set","Not Set","Not Set","Not Set","Not Set","Not Set","Not Set"
"rp.SGTMVCOP010.copy.shadow","ftEncryptionOpportunistic","Not Set","Not Set","SATA controller 0","@{Parent=rp.SGTMVCOP010.copy.shadow; Name=Floppy drive 1; ConnectionState=NotConnected, NoGuestControl, StartConnected}","Not Set","Not Set","Not Set","Not Set","Not Set","Not Set","Not Set","Not Set","Not Set","Not Set","Not Set","Not Set","Not Set","opportunistic","Not Set","Not Set","Not Set","Not Set","Not Set","TRUE","Hard disk 1","Not Set","Not Set","Not Set","Not Set","Not Set","Not Set","Not Set"
"rp.SGTMVNTP21.copy.shadow","ftEncryptionOpportunistic","Not Set","Not Set","CD/DVD drive 1","@{Parent=rp.SGTMVNTP21.copy.shadow; Name=Floppy drive 1; ConnectionState=NotConnected, NoGuestControl, StartConnected}","Not Set","Not Set","Not Set","Not Set","Not Set","Not Set","Not Set","Not Set","Not Set","Not Set","Not Set","Not Set","Not Set","opportunistic","Not Set","Not Set","Not Set","Not Set","Not Set","TRUE","Hard disk 1","Not Set","Not Set","Not Set","Not Set","Not Set","Not Set","Not Set"
"rp.SGTMWDBP001.copy.shadow","ftEncryptionOpportunistic","Not Set","Not Set","Floppy drive 1","@{Parent=rp.SGTMWDBP001.copy.shadow; Name=Floppy drive 1; ConnectionState=NotConnected, NoGuestControl, StartConnected}","Not Set","Not Set","Not Set","Not Set","Not Set","Not Set","Not Set","Not Set","Not Set","Not Set","Not Set","Not Set","Not Set","opportunistic","Not Set","Not Set","Not Set","Not Set","Not Set","TRUE","Hard disk 1","Not Set","Not Set","Not Set","Not Set","Not Set","Not Set","Not Set"
"rp.SGTMWPEP010.copy.shadow","ftEncryptionOpportunistic","Not Set","Not Set","SATA controller 0","@{Parent=rp.SGTMWPEP010.copy.shadow; Name=Floppy drive 1; ConnectionState=NotConnected, NoGuestControl, StartConnected}","Not Set","Not Set","Not Set","Not Set","Not Set","Not Set","Not Set","Not Set","Not Set","Not Set","Not Set","Not Set","Not Set","opportunistic","Not Set","Not Set","Not Set","Not Set","Not Set","TRUE","Hard disk 1","Not Set","Not Set","Not Set","Not Set","Not Set","Not Set","Not Set"
"rp.SGTMXASP001.copy.shadow","ftEncryptionOpportunistic","Not Set","Not Set","CD/DVD drive 1","@{Parent=rp.SGTMXASP001.copy.shadow; Name=Floppy drive 1; ConnectionState=NotConnected, NoGuestControl, StartConnected}","Not Set","Not Set","Not Set","Not Set","Not Set","Not Set","Not Set","Not Set","Not Set","Not Set","Not Set","Not Set","Not Set","opportunistic","Not Set","Not Set","Not Set","Not Set","Not Set","TRUE","Hard disk 1","Not Set","Not Set","Not Set","Not Set","Not Set","Not Set","Not Set"
"rp.SGTMXASP002.copy.shadow","ftEncryptionOpportunistic","Not Set","Not Set","Floppy drive 1","@{Parent=rp.SGTMXASP002.copy.shadow; Name=Floppy drive 1; ConnectionState=NotConnected, NoGuestControl, StartConnected}","Not Set","Not Set","Not Set","Not Set","Not Set","Not Set","Not Set","Not Set","Not Set","Not Set","Not Set","Not Set","Not Set","opportunistic","Not Set","Not Set","Not Set","Not Set","Not Set","TRUE","Hard disk 1","Not Set","Not Set","Not Set","Not Set","Not Set","Not Set","Not Set"
"rp.SGTMXASP003.copy.shadow","ftEncryptionOpportunistic","Not Set","Not Set","SATA controller 0","@{Parent=rp.SGTMXASP003.copy.shadow; Name=Floppy drive 1; ConnectionState=NotConnected, NoGuestControl, StartConnected}","Not Set","Not Set","Not Set","Not Set","Not Set","Not Set","Not Set","Not Set","Not Set","Not Set","Not Set","Not Set","Not Set","opportunistic","Not Set","Not Set","Not Set","Not Set","Not Set","TRUE","Hard disk 1","Not Set","Not Set","Not Set","Not Set","Not Set","Not Set","Not Set"
"rp.SGTMXASP004.copy.shadow","ftEncryptionOpportunistic","Not Set","Not Set","CD/DVD drive 1","@{Parent=rp.SGTMXASP004.copy.shadow; Name=Floppy drive 1; ConnectionState=NotConnected, NoGuestControl, StartConnected}","Not Set","Not Set","Not Set","Not Set","Not Set","Not Set","Not Set","Not Set","Not Set","Not Set","Not Set","Not Set","Not Set","opportunistic","Not Set","Not Set","Not Set","Not Set","Not Set","TRUE","Hard disk 1","Not Set","Not Set","Not Set","Not Set","Not Set","Not Set","Not Set"
"rp.up00250.shadow","ftEncryptionOpportunistic","Not Set","Not Set","Floppy drive 1","@{Parent=rp.up00250.shadow; Name=Floppy drive 1; ConnectionState=NotConnected, NoGuestControl, StartConnected}","Not Set","Not Set","Not Set","Not Set","Not Set","Not Set","Not Set","Not Set","Not Set","Not Set","Not Set","Not Set","Not Set","opportunistic","Not Set","Not Set","Not Set","Not Set","Not Set","TRUE","Hard disk 1","tools.guest.desktop.autolock:FALSE","Not Set","Not Set","Not Set","Not Set","Not Set","Not Set"
"rp.wappscm0002.copy.shadow","ftEncryptionOpportunistic","Not Set","Not Set","SATA controller 0","@{Parent=rp.wappscm0002.copy.shadow; Name=Floppy drive 1; ConnectionState=NotConnected, NoGuestControl, StartConnected}","Not Set","Not Set","Not Set","Not Set","Not Set","Not Set","Not Set","Not Set","Not Set","Not Set","Not Set","Not Set","Not Set","opportunistic","Not Set","Not Set","Not Set","Not Set","Not Set","TRUE","Hard disk 2","Not Set","Not Set","Not Set","Not Set","Not Set","Not Set","Not Set"
"SGSG01PUPSKY01","ftEncryptionOpportunistic","Not Set","Not Set","CD/DVD drive 1","Not Set","Not Set","Not Set","Not Set","Not Set","Not Set","Not Set","Not Set","Not Set","Not Set","Not Set","Not Set","Not Set","Not Set","opportunistic","Not Set","Not Set","Not Set","Not Set","Not Set","TRUE","Hard disk 1","tools.guest.desktop.autolock:FALSE","Not Set","Not Set","Not Set","Not Set","Not Set","Not Set"
"SGSG01PUPVVC01","ftEncryptionOpportunistic","Not Set","Not Set","Floppy drive 1","Not Set","Not Set","Not Set","Not Set","Not Set","Not Set","Not Set","Not Set","Not Set","Not Set","Not Set","Not Set","Not Set","Not Set","opportunistic","Not Set","Not Set","Not Set","Not Set","Not Set","TRUE","Hard disk 2","Not Set","Not Set","Not Set","Not Set","Not Set","Not Set","Not Set"
"SGSGCTXP001","ftEncryptionOpportunistic","Not Set","Not Set","SATA controller 0","Not Set","Not Set","Not Set","Not Set","Not Set","Not Set","Not Set","Not Set","Not Set","Not Set","Not Set","Not Set","Not Set","Not Set","opportunistic","Not Set","Not Set","Not Set","Not Set","Not Set","TRUE","Hard disk 1","tools.guest.desktop.autolock:FALSE","Not Set","Not Set","Not Set","Not Set","Not Set","Not Set"
"SGSGEQTP001","ftEncryptionOpportunistic","isolation.device.edit.disable:TRUE","isolation.device.edit.disable:TRUE","CD/DVD drive 1","@{Parent=SGSGEQTP001; Name=Floppy drive 1; ConnectionState=NotConnected, GuestControl, NoStartConnected}","Not Set","Not Set","Not Set","Not Set","isolation.tools.diskShrink.disable:TRUE","Not Set","Not Set","tools.setInfo.sizeLimit:1048576","Not Set","@{Name=tools.guestlib.enableHostInfo; Value=FALSE}","Not Set","Not Set","Not Set","opportunistic","Not Set","Not Set","log.keepOld:10","log.rotateSize:100000","Not Set","TRUE","Hard disk 2","tools.guest.desktop.autolock:FALSE","Not Set","Not Set","Not Set","Not Set","Not Set","Not Set"
"SGSGEQTP002","ftEncryptionOpportunistic","isolation.device.edit.disable:TRUE","isolation.device.edit.disable:TRUE","Floppy drive 1","@{Parent=SGSGEQTP002; Name=Floppy drive 1; ConnectionState=NotConnected, GuestControl, NoStartConnected}","Not Set","Not Set","Not Set","Not Set","isolation.tools.diskShrink.disable:TRUE","Not Set","Not Set","tools.setInfo.sizeLimit:1048576","Not Set","@{Name=tools.guestlib.enableHostInfo; Value=FALSE}","Not Set","Not Set","Not Set","opportunistic","Not Set","Not Set","log.keepOld:10","log.rotateSize:100000","Not Set","TRUE","Hard disk 3","tools.guest.desktop.autolock:FALSE","Not Set","Not Set","Not Set","Not Set","Not Set","Not Set"
"SGSGFAXCP005","ftEncryptionOpportunistic","Not Set","Not Set","SATA controller 0","Not Set","Not Set","Not Set","Not Set","Not Set","Not Set","Not Set","Not Set","Not Set","Not Set","Not Set","Not Set","Not Set","Not Set","opportunistic","Not Set","Not Set","Not Set","Not Set","Not Set","TRUE","Hard disk 4","tools.guest.desktop.autolock:FALSE","Not Set","Not Set","Not Set","Not Set","Not Set","Not Set"
"SGSGFAXP002","ftEncryptionOpportunistic","Not Set","Not Set","CD/DVD drive 1","Not Set","Not Set","Not Set","Not Set","Not Set","Not Set","Not Set","Not Set","Not Set","Not Set","Not Set","Not Set","Not Set","Not Set","opportunistic","Not Set","Not Set","Not Set","Not Set","Not Set","TRUE","Hard disk 1","tools.guest.desktop.autolock:FALSE","Not Set","Not Set","Not Set","Not Set","Not Set","Not Set"
"SGSGFXCCP001","ftEncryptionOpportunistic","isolation.device.edit.disable:TRUE","isolation.device.edit.disable:TRUE","Floppy drive 1","@{Parent=SGSGFXCCP001; Name=Floppy drive 1; ConnectionState=NotConnected, GuestControl, NoStartConnected}","Not Set","Not Set","Not Set","Not Set","isolation.tools.diskShrink.disable:TRUE","Not Set","Not Set","tools.setInfo.sizeLimit:1048576","Not Set","@{Name=tools.guestlib.enableHostInfo; Value=FALSE}","Not Set","Not Set","Not Set","opportunistic","Not Set","Not Set","log.keepOld:10","log.rotateSize:100000","Not Set","TRUE","Hard disk 1","tools.guest.desktop.autolock:FALSE","Not Set","Not Set","Not Set","Not Set","Not Set","Not Set"
"SGSGFXCCP012","ftEncryptionOpportunistic","isolation.device.edit.disable:TRUE","isolation.device.edit.disable:TRUE","USB xHCI controller ","@{Parent=SGSGFXCCP012; Name=Floppy drive 1; ConnectionState=NotConnected, GuestControl, NoStartConnected}","Not Set","Not Set","Not Set","Not Set","isolation.tools.diskShrink.disable:TRUE","Not Set","Not Set","tools.setInfo.sizeLimit:1048576","Not Set","@{Name=tools.guestlib.enableHostInfo; Value=FALSE}","Not Set","Not Set","Not Set","opportunistic","Not Set","Not Set","log.keepOld:10","log.rotateSize:100000","Not Set","TRUE","Hard disk 1","tools.guest.desktop.autolock:FALSE","Not Set","Not Set","Not Set","Not Set","Not Set","Not Set"
"SGSGFXCCU001","ftEncryptionOpportunistic","isolation.device.edit.disable:TRUE","isolation.device.edit.disable:TRUE","SATA controller 0","@{Parent=SGSGFXCCU001; Name=Floppy drive 1; ConnectionState=NotConnected, GuestControl, NoStartConnected}","Not Set","Not Set","Not Set","Not Set","isolation.tools.diskShrink.disable:TRUE","Not Set","Not Set","tools.setInfo.sizeLimit:1048576","Not Set","@{Name=tools.guestlib.enableHostInfo; Value=FALSE}","Not Set","Not Set","Not Set","opportunistic","Not Set","Not Set","log.keepOld:10","log.rotateSize:100000","Not Set","TRUE","Hard disk 1","tools.guest.desktop.autolock:FALSE","Not Set","Not Set","Not Set","Not Set","Not Set","Not Set"
"SGSGFXCCU012","ftEncryptionOpportunistic","isolation.device.edit.disable:TRUE","isolation.device.edit.disable:TRUE","CD/DVD drive 1","@{Parent=SGSGFXCCU012; Name=Floppy drive 1; ConnectionState=NotConnected, GuestControl, NoStartConnected}","Not Set","Not Set","Not Set","Not Set","isolation.tools.diskShrink.disable:TRUE","Not Set","Not Set","tools.setInfo.sizeLimit:1048576","Not Set","@{Name=tools.guestlib.enableHostInfo; Value=FALSE}","Not Set","Not Set","Not Set","opportunistic","Not Set","Not Set","log.keepOld:10","log.rotateSize:100000","Not Set","TRUE","Hard disk 1","tools.guest.desktop.autolock:FALSE","Not Set","Not Set","Not Set","Not Set","Not Set","Not Set"
"SGSGFXCD001","ftEncryptionOpportunistic","isolation.device.edit.disable:TRUE","isolation.device.edit.disable:TRUE","Floppy drive 1","@{Parent=SGSGFXCD001; Name=Floppy drive 1; ConnectionState=NotConnected, GuestControl, NoStartConnected}","Not Set","Not Set","Not Set","Not Set","isolation.tools.diskShrink.disable:TRUE","Not Set","Not Set","tools.setInfo.sizeLimit:1048576","Not Set","@{Name=tools.guestlib.enableHostInfo; Value=FALSE}","Not Set","Not Set","Not Set","opportunistic","Not Set","Not Set","log.keepOld:10","log.rotateSize:100000","Not Set","TRUE","Hard disk 1","tools.guest.desktop.autolock:FALSE","Not Set","Not Set","Not Set","Not Set","Not Set","Not Set"
"SGSGFXCD002","ftEncryptionOpportunistic","isolation.device.edit.disable:TRUE","isolation.device.edit.disable:TRUE","SATA controller 0","@{Parent=SGSGFXCD002; Name=Floppy drive 1; ConnectionState=NotConnected, GuestControl, NoStartConnected}","Not Set","Not Set","Not Set","Not Set","isolation.tools.diskShrink.disable:TRUE","Not Set","Not Set","tools.setInfo.sizeLimit:1048576","Not Set","@{Name=tools.guestlib.enableHostInfo; Value=FALSE}","Not Set","Not Set","Not Set","opportunistic","Not Set","Not Set","log.keepOld:10","log.rotateSize:100000","Not Set","TRUE","Hard disk 1","tools.guest.desktop.autolock:FALSE","Not Set","Not Set","Not Set","Not Set","Not Set","Not Set"
"SGSGFXCP002","ftEncryptionOpportunistic","isolation.device.edit.disable:TRUE","isolation.device.edit.disable:TRUE","CD/DVD drive 1","@{Parent=SGSGFXCP002; Name=Floppy drive 1; ConnectionState=NotConnected, GuestControl, NoStartConnected}","Not Set","Not Set","Not Set","Not Set","isolation.tools.diskShrink.disable:TRUE","Not Set","Not Set","tools.setInfo.sizeLimit:1048576","Not Set","@{Name=tools.guestlib.enableHostInfo; Value=FALSE}","Not Set","Not Set","Not Set","opportunistic","Not Set","Not Set","log.keepOld:10","log.rotateSize:100000","Not Set","TRUE","Hard disk 1","tools.guest.desktop.autolock:FALSE","Not Set","Not Set","Not Set","Not Set","Not Set","Not Set"
"SGSGFXCP003","ftEncryptionOpportunistic","isolation.device.edit.disable:TRUE","isolation.device.edit.disable:TRUE","Floppy drive 1","@{Parent=SGSGFXCP003; Name=Floppy drive 1; ConnectionState=NotConnected, GuestControl, NoStartConnected}","Not Set","Not Set","Not Set","Not Set","isolation.tools.diskShrink.disable:TRUE","Not Set","Not Set","tools.setInfo.sizeLimit:1048576","Not Set","@{Name=tools.guestlib.enableHostInfo; Value=FALSE}","Not Set","Not Set","Not Set","opportunistic","Not Set","Not Set","log.keepOld:10","log.rotateSize:100000","Not Set","TRUE","Hard disk 2","tools.guest.desktop.autolock:FALSE","Not Set","Not Set","Not Set","Not Set","Not Set","Not Set"
"SGSGFXCP004","ftEncryptionOpportunistic","isolation.device.edit.disable:TRUE","isolation.device.edit.disable:TRUE","SATA controller 0","@{Parent=SGSGFXCP004; Name=Floppy drive 1; ConnectionState=NotConnected, GuestControl, NoStartConnected}","Not Set","Not Set","Not Set","Not Set","isolation.tools.diskShrink.disable:TRUE","Not Set","Not Set","tools.setInfo.sizeLimit:1048576","Not Set","@{Name=tools.guestlib.enableHostInfo; Value=FALSE}","Not Set","Not Set","Not Set","opportunistic","Not Set","Not Set","log.keepOld:10","log.rotateSize:100000","Not Set","TRUE","Hard disk 1","tools.guest.desktop.autolock:FALSE","Not Set","Not Set","Not Set","Not Set","Not Set","Not Set"
"SGSGFXCU003","ftEncryptionOpportunistic","isolation.device.edit.disable:TRUE","isolation.device.edit.disable:TRUE","CD/DVD drive 1","@{Parent=SGSGFXCU003; Name=Floppy drive 1; ConnectionState=NotConnected, GuestControl, NoStartConnected}","Not Set","Not Set","Not Set","Not Set","isolation.tools.diskShrink.disable:TRUE","Not Set","Not Set","tools.setInfo.sizeLimit:1048576","Not Set","@{Name=tools.guestlib.enableHostInfo; Value=FALSE}","Not Set","Not Set","Not Set","opportunistic","Not Set","Not Set","log.keepOld:10","log.rotateSize:100000","Not Set","TRUE","Hard disk 2","tools.guest.desktop.autolock:FALSE","Not Set","Not Set","Not Set","Not Set","Not Set","Not Set"
"SGSGGBSP001","ftEncryptionOpportunistic","isolation.device.edit.disable:TRUE","isolation.device.edit.disable:TRUE","Floppy drive 1","@{Parent=SGSGGBSP001; Name=Floppy drive 1; ConnectionState=NotConnected, GuestControl, NoStartConnected}","Not Set","Not Set","Not Set","Not Set","isolation.tools.diskShrink.disable:TRUE","Not Set","Not Set","tools.setInfo.sizeLimit:1048576","Not Set","@{Name=tools.guestlib.enableHostInfo; Value=FALSE}","Not Set","Not Set","Not Set","opportunistic","Not Set","Not Set","log.keepOld:10","log.rotateSize:100000","Not Set","TRUE","Hard disk 1","tools.guest.desktop.autolock:FALSE","Not Set","Not Set","Not Set","Not Set","Not Set","Not Set"
"SGSGIDSU002","ftEncryptionOpportunistic","isolation.device.edit.disable:TRUE","isolation.device.edit.disable:TRUE","SATA controller 0","@{Parent=SGSGIDSU002; Name=Floppy drive 1; ConnectionState=NotConnected, GuestControl, NoStartConnected}","Not Set","Not Set","Not Set","Not Set","isolation.tools.diskShrink.disable:TRUE","Not Set","Not Set","tools.setInfo.sizeLimit:1048576","Not Set","@{Name=tools.guestlib.enableHostInfo; Value=FALSE}","Not Set","Not Set","Not Set","opportunistic","Not Set","Not Set","log.keepOld:10","log.rotateSize:100000","Not Set","TRUE","Hard disk 1","tools.guest.desktop.autolock:FALSE","Not Set","Not Set","Not Set","Not Set","Not Set","Not Set"
"SGSGJYGP001","ftEncryptionOpportunistic","Not Set","Not Set","CD/DVD drive 1","Not Set","Not Set","Not Set","Not Set","Not Set","Not Set","Not Set","Not Set","Not Set","Not Set","Not Set","Not Set","Not Set","Not Set","opportunistic","Not Set","Not Set","Not Set","Not Set","Not Set","TRUE","Hard disk 2","tools.guest.desktop.autolock:FALSE","Not Set","Not Set","Not Set","Not Set","Not Set","Not Set"
"SGSGJYGP002","ftEncryptionOpportunistic","Not Set","Not Set","Floppy drive 1","Not Set","Not Set","Not Set","Not Set","Not Set","Not Set","Not Set","Not Set","Not Set","Not Set","Not Set","Not Set","Not Set","Not Set","opportunistic","Not Set","Not Set","Not Set","Not Set","Not Set","TRUE","Hard disk 3","tools.guest.desktop.autolock:FALSE","Not Set","Not Set","Not Set","Not Set","Not Set","Not Set"
"SGSGNAPT01","ftEncryptionOpportunistic","isolation.device.edit.disable:TRUE","isolation.device.edit.disable:TRUE","CD/DVD drive 1","@{Parent=SGSGNAPT01; Name=Floppy drive 1; ConnectionState=NotConnected, GuestControl, NoStartConnected}","Not Set","Not Set","Not Set","Not Set","isolation.tools.diskShrink.disable:true","Not Set","Not Set","tools.setInfo.sizeLimit:1048576","Not Set","@{Name=tools.guestlib.enableHostInfo; Value=FALSE}","Not Set","Not Set","Not Set","opportunistic","Not Set","Not Set","log.keepOld:10","log.rotateSize:100000","Not Set","TRUE","Hard disk 4","tools.guest.desktop.autolock:FALSE","Not Set","Not Set","Not Set","Not Set","Not Set","Not Set"
"SGSGNAPT02","ftEncryptionOpportunistic","isolation.device.edit.disable:TRUE","isolation.device.edit.disable:TRUE","CD/DVD drive 2","@{Parent=SGSGNAPT02; Name=Floppy drive 1; ConnectionState=NotConnected, GuestControl, NoStartConnected}","Not Set","Not Set","Not Set","Not Set","isolation.tools.diskShrink.disable:true","Not Set","Not Set","tools.setInfo.sizeLimit:1048576","Not Set","@{Name=tools.guestlib.enableHostInfo; Value=FALSE}","Not Set","Not Set","Not Set","opportunistic","Not Set","Not Set","log.keepOld:10","log.rotateSize:100000","Not Set","TRUE","Hard disk 1","tools.guest.desktop.autolock:FALSE","Not Set","Not Set","Not Set","Not Set","Not Set","Not Set"
"SGSGNOTP001","ftEncryptionOpportunistic","Not Set","Not Set","Floppy drive 1","Not Set","Not Set","Not Set","Not Set","Not Set","Not Set","Not Set","Not Set","Not Set","Not Set","Not Set","Not Set","Not Set","Not Set","opportunistic","Not Set","Not Set","Not Set","Not Set","Not Set","TRUE","Hard disk 2","tools.guest.desktop.autolock:FALSE","Not Set","Not Set","Not Set","Not Set","Not Set","Not Set"
"SGSGPCIP001","ftEncryptionOpportunistic","isolation.device.edit.disable:TRUE","isolation.device.edit.disable:TRUE","USB xHCI controller ","@{Parent=SGSGPCIP001; Name=Floppy drive 1; ConnectionState=NotConnected, GuestControl, NoStartConnected}","Not Set","Not Set","Not Set","Not Set","isolation.tools.diskShrink.disable:TRUE","Not Set","Not Set","tools.setInfo.sizeLimit:1048576","Not Set","@{Name=tools.guestlib.enableHostInfo; Value=FALSE}","Not Set","Not Set","Not Set","opportunistic","Not Set","Not Set","log.keepOld:10","log.rotateSize:100000","Not Set","TRUE","Hard disk 3","tools.guest.desktop.autolock:FALSE","Not Set","Not Set","Not Set","Not Set","Not Set","Not Set"
"SGSGPCIP002","ftEncryptionOpportunistic","isolation.device.edit.disable:TRUE","isolation.device.edit.disable:TRUE","SATA controller 0","@{Parent=SGSGPCIP002; Name=Floppy drive 1; ConnectionState=NotConnected, GuestControl, NoStartConnected}","Not Set","Not Set","Not Set","Not Set","isolation.tools.diskShrink.disable:TRUE","Not Set","Not Set","tools.setInfo.sizeLimit:1048576","Not Set","@{Name=tools.guestlib.enableHostInfo; Value=FALSE}","Not Set","Not Set","Not Set","opportunistic","Not Set","Not Set","log.keepOld:10","log.rotateSize:100000","Not Set","TRUE","Hard disk 1","tools.guest.desktop.autolock:FALSE","Not Set","Not Set","Not Set","Not Set","Not Set","Not Set"
"SGSGPNGP02-Clone","ftEncryptionOpportunistic","isolation.device.edit.disable:true","isolation.device.edit.disable:true","CD/DVD drive 1","@{Parent=SGSGPNGP02-Clone; Name=Floppy drive 1; ConnectionState=NotConnected, GuestControl, NoStartConnected}","Not Set","Not Set","Not Set","Not Set","isolation.tools.diskShrink.disable:true","Not Set","Not Set","tools.setInfo.sizeLimit:1048576","Not Set","@{Name=tools.guestlib.enableHostInfo; Value=FALSE}","Not Set","Not Set","Not Set","opportunistic","Not Set","Not Set","log.keepOld:10","log.rotateSize:100000","Not Set","TRUE","Hard disk 2","tools.guest.desktop.autolock:FALSE","Not Set","Not Set","Not Set","Not Set","Not Set","Not Set"
"SGSGPVDP001","ftEncryptionOpportunistic","Not Set","Not Set","Floppy drive 1","Not Set","Not Set","Not Set","Not Set","Not Set","Not Set","Not Set","Not Set","Not Set","Not Set","Not Set","Not Set","Not Set","Not Set","opportunistic","Not Set","Not Set","Not Set","Not Set","Not Set","TRUE","Hard disk 1","tools.guest.desktop.autolock:FALSE","Not Set","Not Set","Not Set","Not Set","Not Set","Not Set"
"SGSGSPLKP01","ftEncryptionOpportunistic","Not Set","Not Set","SATA controller 0","@{Parent=SGSGSPLKP01; Name=Floppy drive 1; ConnectionState=NotConnected, GuestControl, NoStartConnected}","Not Set","Not Set","Not Set","Not Set","Not Set","Not Set","Not Set","Not Set","Not Set","Not Set","Not Set","Not Set","Not Set","opportunistic","Not Set","Not Set","Not Set","Not Set","Not Set","TRUE","Hard disk 2","tools.guest.desktop.autolock:FALSE","Not Set","Not Set","Not Set","Not Set","Not Set","Not Set"
"SGSGSTRP001","ftEncryptionOpportunistic","isolation.device.edit.disable:TRUE","isolation.device.edit.disable:TRUE","CD/DVD drive 1","@{Parent=SGSGSTRP001; Name=Floppy drive 1; ConnectionState=NotConnected, GuestControl, NoStartConnected}","Not Set","Not Set","Not Set","Not Set","isolation.tools.diskShrink.disable:TRUE","Not Set","Not Set","tools.setInfo.sizeLimit:1048576","Not Set","@{Name=tools.guestlib.enableHostInfo; Value=FALSE}","Not Set","Not Set","Not Set","opportunistic","Not Set","Not Set","log.keepOld:10","log.rotateSize:100000","Not Set","TRUE","Hard disk 1","tools.guest.desktop.autolock:FALSE","Not Set","Not Set","Not Set","Not Set","Not Set","Not Set"
"SGSGTSFP001","ftEncryptionOpportunistic","Not Set","Not Set","Floppy drive 1","Not Set","Not Set","Not Set","Not Set","Not Set","Not Set","Not Set","Not Set","Not Set","Not Set","Not Set","Not Set","Not Set","Not Set","opportunistic","Not Set","Not Set","Not Set","Not Set","Not Set","TRUE","Hard disk 2","tools.guest.desktop.autolock:FALSE","Not Set","Not Set","Not Set","Not Set","Not Set","Not Set"
"SGSGTSFP002","ftEncryptionOpportunistic","Not Set","Not Set","USB xHCI controller ","Not Set","Not Set","Not Set","Not Set","Not Set","Not Set","Not Set","Not Set","Not Set","Not Set","Not Set","Not Set","Not Set","Not Set","opportunistic","Not Set","Not Set","Not Set","Not Set","Not Set","TRUE","Hard disk 1","tools.guest.desktop.autolock:FALSE","Not Set","Not Set","Not Set","Not Set","Not Set","Not Set"
"SGSGTSFU003","ftEncryptionOpportunistic","Not Set","Not Set","SATA controller 0","Not Set","Not Set","Not Set","Not Set","Not Set","Not Set","Not Set","Not Set","Not Set","Not Set","Not Set","Not Set","Not Set","Not Set","opportunistic","Not Set","Not Set","Not Set","Not Set","Not Set","TRUE","Hard disk 2","tools.guest.desktop.autolock:FALSE","Not Set","Not Set","Not Set","Not Set","Not Set","Not Set"
"SGSGTSFU004","ftEncryptionOpportunistic","Not Set","Not Set","CD/DVD drive 1","Not Set","Not Set","Not Set","Not Set","Not Set","Not Set","Not Set","Not Set","Not Set","Not Set","Not Set","Not Set","Not Set","Not Set","opportunistic","Not Set","Not Set","Not Set","Not Set","Not Set","TRUE","Hard disk 1","tools.guest.desktop.autolock:FALSE","Not Set","Not Set","Not Set","Not Set","Not Set","Not Set"
"SGSGVNTP21","ftEncryptionOpportunistic","isolation.device.edit.disable:TRUE","isolation.device.edit.disable:TRUE","Floppy drive 1","@{Parent=SGSGVNTP21; Name=Floppy drive 1; ConnectionState=NotConnected, GuestControl, NoStartConnected}","Not Set","Not Set","Not Set","Not Set","isolation.tools.diskShrink.disable:true","Not Set","Not Set","tools.setInfo.sizeLimit:1048576","Not Set","@{Name=tools.guestlib.enableHostInfo; Value=FALSE}","Not Set","Not Set","Not Set","opportunistic","Not Set","Not Set","log.keepOld:10","log.rotateSize:100000","Not Set","TRUE","Hard disk 2","tools.guest.desktop.autolock:FALSE","Not Set","Not Set","Not Set","Not Set","Not Set","Not Set"
"SGSGWDCP021","ftEncryptionOpportunistic","Not Set","Not Set","USB xHCI controller ","Not Set","Not Set","Not Set","Not Set","Not Set","Not Set","Not Set","Not Set","Not Set","Not Set","Not Set","Not Set","Not Set","Not Set","opportunistic","Not Set","Not Set","Not Set","Not Set","Not Set","TRUE","Hard disk 1","tools.guest.desktop.autolock:FALSE","Not Set","Not Set","Not Set","Not Set","Not Set","Not Set"
"SGSGWDCP022","ftEncryptionOpportunistic","Not Set","Not Set","SATA controller 0","Not Set","Not Set","Not Set","Not Set","Not Set","Not Set","Not Set","Not Set","Not Set","Not Set","Not Set","Not Set","Not Set","Not Set","opportunistic","Not Set","Not Set","Not Set","Not Set","Not Set","TRUE","Hard disk 2","tools.guest.desktop.autolock:FALSE","Not Set","Not Set","Not Set","Not Set","Not Set","Not Set"
"SGSGWDCP10","ftEncryptionOpportunistic","Not Set","Not Set","CD/DVD drive 1","@{Parent=SGSGWDCP10; Name=Floppy drive 1; ConnectionState=NotConnected, GuestControl, NoStartConnected}","Not Set","Not Set","Not Set","Not Set","Not Set","Not Set","Not Set","Not Set","Not Set","Not Set","Not Set","Not Set","Not Set","opportunistic","Not Set","Not Set","Not Set","Not Set","Not Set","TRUE","Hard disk 1","tools.guest.desktop.autolock:FALSE","Not Set","Not Set","Not Set","Not Set","Not Set","Not Set"
"SGSGWPEP010","ftEncryptionOpportunistic","isolation.device.edit.disable:TRUE","isolation.device.edit.disable:TRUE","Floppy drive 1","@{Parent=SGSGWPEP010; Name=Floppy drive 1; ConnectionState=NotConnected, GuestControl, NoStartConnected}","Not Set","Not Set","Not Set","Not Set","isolation.tools.diskShrink.disable:TRUE","Not Set","Not Set","tools.setInfo.sizeLimit:1048576","Not Set","@{Name=tools.guestlib.enableHostInfo; Value=FALSE}","Not Set","Not Set","Not Set","opportunistic","Not Set","Not Set","log.keepOld:10","log.rotateSize:100000","Not Set","TRUE","Hard disk 2","tools.guest.desktop.autolock:FALSE","Not Set","Not Set","Not Set","Not Set","Not Set","Not Set"
"SGSGXASD001","ftEncryptionOpportunistic","isolation.device.edit.disable:TRUE","isolation.device.edit.disable:TRUE","SATA controller 0","@{Parent=SGSGXASD001; Name=Floppy drive 1; ConnectionState=NotConnected, GuestControl, NoStartConnected}","Not Set","Not Set","Not Set","Not Set","isolation.tools.diskShrink.disable:TRUE","Not Set","Not Set","tools.setInfo.sizeLimit:1048576","Not Set","@{Name=tools.guestlib.enableHostInfo; Value=FALSE}","Not Set","Not Set","Not Set","opportunistic","Not Set","Not Set","log.keepOld:10","log.rotateSize:100000","Not Set","TRUE","Hard disk 1","tools.guest.desktop.autolock:FALSE","Not Set","Not Set","Not Set","Not Set","Not Set","Not Set"
"SGSGXASD002","ftEncryptionOpportunistic","isolation.device.edit.disable:TRUE","isolation.device.edit.disable:TRUE","CD/DVD drive 1","@{Parent=SGSGXASD002; Name=Floppy drive 1; ConnectionState=NotConnected, GuestControl, NoStartConnected}","Not Set","Not Set","Not Set","Not Set","isolation.tools.diskShrink.disable:TRUE","Not Set","Not Set","tools.setInfo.sizeLimit:1048576","Not Set","@{Name=tools.guestlib.enableHostInfo; Value=FALSE}","Not Set","Not Set","Not Set","opportunistic","Not Set","Not Set","log.keepOld:10","log.rotateSize:100000","Not Set","TRUE","Hard disk 2","tools.guest.desktop.autolock:FALSE","Not Set","Not Set","Not Set","Not Set","Not Set","Not Set"
"SGSGXASP001","ftEncryptionOpportunistic","isolation.device.edit.disable:TRUE","isolation.device.edit.disable:TRUE","Floppy drive 1","@{Parent=SGSGXASP001; Name=Floppy drive 1; ConnectionState=NotConnected, GuestControl, NoStartConnected}","Not Set","Not Set","Not Set","Not Set","isolation.tools.diskShrink.disable:TRUE","Not Set","Not Set","tools.setInfo.sizeLimit:1048576","Not Set","@{Name=tools.guestlib.enableHostInfo; Value=FALSE}","Not Set","Not Set","Not Set","opportunistic","Not Set","Not Set","log.keepOld:10","log.rotateSize:100000","Not Set","TRUE","Hard disk 1","tools.guest.desktop.autolock:FALSE","Not Set","Not Set","Not Set","Not Set","Not Set","Not Set"
"SGSGXASP002","ftEncryptionOpportunistic","isolation.device.edit.disable:TRUE","isolation.device.edit.disable:TRUE","SATA controller 0","@{Parent=SGSGXASP002; Name=Floppy drive 1; ConnectionState=NotConnected, GuestControl, NoStartConnected}","Not Set","Not Set","Not Set","Not Set","isolation.tools.diskShrink.disable:TRUE","Not Set","Not Set","tools.setInfo.sizeLimit:1048576","Not Set","@{Name=tools.guestlib.enableHostInfo; Value=FALSE}","Not Set","Not Set","Not Set","opportunistic","Not Set","Not Set","log.keepOld:10","log.rotateSize:100000","Not Set","TRUE","Hard disk 2","tools.guest.desktop.autolock:FALSE","Not Set","Not Set","Not Set","Not Set","Not Set","Not Set"
"SGSGXASP003-OLD","ftEncryptionOpportunistic","isolation.device.edit.disable:TRUE","isolation.device.edit.disable:TRUE","CD/DVD drive 1","@{Parent=SGSGXASP003-OLD; Name=Floppy drive 1; ConnectionState=NotConnected, GuestControl, NoStartConnected}","Not Set","Not Set","Not Set","Not Set","isolation.tools.diskShrink.disable:TRUE","Not Set","Not Set","tools.setInfo.sizeLimit:1048576","Not Set","@{Name=tools.guestlib.enableHostInfo; Value=FALSE}","Not Set","Not Set","Not Set","opportunistic","Not Set","Not Set","log.keepOld:10","log.rotateSize:100000","Not Set","TRUE","Hard disk 3","tools.guest.desktop.autolock:FALSE","Not Set","Not Set","Not Set","Not Set","Not Set","Not Set"
"SGSGXASP004","ftEncryptionOpportunistic","isolation.device.edit.disable:TRUE","isolation.device.edit.disable:TRUE","Floppy drive 1","@{Parent=SGSGXASP004; Name=Floppy drive 1; ConnectionState=NotConnected, GuestControl, NoStartConnected}","Not Set","Not Set","Not Set","Not Set","isolation.tools.diskShrink.disable:TRUE","Not Set","Not Set","tools.setInfo.sizeLimit:1048576","Not Set","@{Name=tools.guestlib.enableHostInfo; Value=FALSE}","Not Set","Not Set","Not Set","opportunistic","Not Set","Not Set","log.keepOld:10","log.rotateSize:100000","Not Set","TRUE","Hard disk 4","tools.guest.desktop.autolock:FALSE","Not Set","Not Set","Not Set","Not Set","Not Set","Not Set"
"SGSGXASP005","ftEncryptionOpportunistic","isolation.device.edit.disable:TRUE","isolation.device.edit.disable:TRUE","USB xHCI controller ","@{Parent=SGSGXASP005; Name=Floppy drive 1; ConnectionState=NotConnected, GuestControl, NoStartConnected}","Not Set","Not Set","Not Set","Not Set","isolation.tools.diskShrink.disable:TRUE","Not Set","Not Set","tools.setInfo.sizeLimit:1048576","Not Set","@{Name=tools.guestlib.enableHostInfo; Value=FALSE}","Not Set","Not Set","Not Set","opportunistic","Not Set","Not Set","log.keepOld:10","log.rotateSize:100000","Not Set","TRUE","Hard disk 5","tools.guest.desktop.autolock:FALSE","Not Set","Not Set","Not Set","Not Set","Not Set","Not Set"
"SGSTVCOP010","ftEncryptionOpportunistic","Not Set","Not Set","SATA controller 0","Not Set","Not Set","Not Set","Not Set","Not Set","Not Set","Not Set","Not Set","Not Set","Not Set","Not Set","Not Set","Not Set","Not Set","opportunistic","Not Set","Not Set","Not Set","Not Set","Not Set","TRUE","Hard disk 1","Not Set","Not Set","Not Set","Not Set","Not Set","Not Set","Not Set"
"STARFISH","ftEncryptionOpportunistic","Not Set","Not Set","CD/DVD drive 1","@{Parent=STARFISH; Name=Floppy drive 1; ConnectionState=NotConnected, GuestControl, NoStartConnected}","Not Set","Not Set","Not Set","Not Set","Not Set","Not Set","Not Set","Not Set","Not Set","Not Set","Not Set","Not Set","Not Set","opportunistic","Not Set","Not Set","Not Set","Not Set","Not Set","TRUE","Hard disk 2","tools.guest.desktop.autolock:FALSE","Not Set","Not Set","Not Set","Not Set","Not Set","Not Set"
"up00690","ftEncryptionOpportunistic","Not Set","Not Set","Floppy drive 1","Not Set","Not Set","Not Set","Not Set","Not Set","Not Set","Not Set","Not Set","Not Set","Not Set","Not Set","Not Set","Not Set","Not Set","opportunistic","Not Set","Not Set","Not Set","Not Set","Not Set","TRUE","Hard disk 1","Not Set","Not Set","Not Set","Not Set","Not Set","Not Set","Not Set"
"up00691","ftEncryptionOpportunistic","Not Set","Not Set","USB xHCI controller ","Not Set","Not Set","Not Set","Not Set","Not Set","Not Set","Not Set","Not Set","Not Set","Not Set","Not Set","Not Set","Not Set","Not Set","opportunistic","Not Set","Not Set","Not Set","Not Set","Not Set","TRUE","Hard disk 2","Not Set","Not Set","Not Set","Not Set","Not Set","Not Set","Not Set"
"up00692","ftEncryptionOpportunistic","Not Set","Not Set","SATA controller 0","Not Set","Not Set","Not Set","Not Set","Not Set","Not Set","Not Set","Not Set","Not Set","Not Set","Not Set","Not Set","Not Set","Not Set","opportunistic","Not Set","Not Set","Not Set","Not Set","Not Set","TRUE","Hard disk 1","Not Set","Not Set","Not Set","Not Set","Not Set","Not Set","Not Set"
"up00693","ftEncryptionOpportunistic","Not Set","Not Set","CD/DVD drive 1","Not Set","Not Set","Not Set","Not Set","Not Set","Not Set","Not Set","Not Set","Not Set","Not Set","Not Set","Not Set","Not Set","Not Set","opportunistic","Not Set","Not Set","Not Set","Not Set","Not Set","TRUE","Hard disk 2","Not Set","Not Set","Not Set","Not Set","Not Set","Not Set","Not Set"
"up00694","ftEncryptionOpportunistic","Not Set","Not Set","Floppy drive 1","Not Set","Not Set","Not Set","Not Set","Not Set","Not Set","Not Set","Not Set","Not Set","Not Set","Not Set","Not Set","Not Set","Not Set","opportunistic","Not Set","Not Set","Not Set","Not Set","Not Set","TRUE","Hard disk 1","Not Set","Not Set","Not Set","Not Set","Not Set","Not Set","Not Set"
"up00695","ftEncryptionOpportunistic","Not Set","Not Set","USB xHCI controller ","Not Set","Not Set","Not Set","Not Set","Not Set","Not Set","Not Set","Not Set","Not Set","Not Set","Not Set","Not Set","Not Set","Not Set","opportunistic","Not Set","Not Set","Not Set","Not Set","Not Set","TRUE","Hard disk 2","Not Set","Not Set","Not Set","Not Set","Not Set","Not Set","Not Set"
"ut00698","ftEncryptionOpportunistic","Not Set","Not Set","SATA controller 0","Not Set","Not Set","Not Set","Not Set","Not Set","Not Set","Not Set","Not Set","Not Set","Not Set","Not Set","Not Set","Not Set","Not Set","opportunistic","Not Set","Not Set","Not Set","Not Set","Not Set","TRUE","Hard disk 1","Not Set","Not Set","Not Set","Not Set","Not Set","Not Set","Not Set"
"ut00699","ftEncryptionOpportunistic","Not Set","Not Set","CD/DVD drive 1","Not Set","Not Set","Not Set","Not Set","Not Set","Not Set","Not Set","Not Set","Not Set","Not Set","Not Set","Not Set","Not Set","Not Set","opportunistic","Not Set","Not Set","Not Set","Not Set","Not Set","TRUE","Hard disk 2","Not Set","Not Set","Not Set","Not Set","Not Set","Not Set","Not Set"
"ut00700","ftEncryptionOpportunistic","Not Set","Not Set","Floppy drive 1","Not Set","Not Set","Not Set","Not Set","Not Set","Not Set","Not Set","Not Set","Not Set","Not Set","Not Set","Not Set","Not Set","Not Set","opportunistic","Not Set","Not Set","Not Set","Not Set","Not Set","TRUE","Hard disk 1","Not Set","Not Set","Not Set","Not Set","Not Set","Not Set","Not Set"
"ut00701","ftEncryptionOpportunistic","Not Set","Not Set","SATA controller 0","Not Set","Not Set","Not Set","Not Set","Not Set","Not Set","Not Set","Not Set","Not Set","Not Set","Not Set","Not Set","Not Set","Not Set","opportunistic","Not Set","Not Set","Not Set","Not Set","Not Set","TRUE","Hard disk 2","Not Set","Not Set","Not Set","Not Set","Not Set","Not Set","Not Set"
"ut00702","ftEncryptionOpportunistic","Not Set","Not Set","CD/DVD drive 1","Not Set","Not Set","Not Set","Not Set","Not Set","Not Set","Not Set","Not Set","Not Set","Not Set","Not Set","Not Set","Not Set","Not Set","opportunistic","Not Set","Not Set","Not Set","Not Set","Not Set","TRUE","Hard disk 1","Not Set","Not Set","Not Set","Not Set","Not Set","Not Set","Not Set"
"ut00703","ftEncryptionOpportunistic","Not Set","Not Set","Floppy drive 1","Not Set","Not Set","Not Set","Not Set","Not Set","Not Set","Not Set","Not Set","Not Set","Not Set","Not Set","Not Set","Not Set","Not Set","opportunistic","Not Set","Not Set","Not Set","Not Set","Not Set","TRUE","Hard disk 2","Not Set","Not Set","Not Set","Not Set","Not Set","Not Set","Not Set"
"vCLS-51ad2c42-3d79-4848-9d08-6751f1a88837","ftEncryptionOpportunistic","isolation.device.edit.disable:TRUE","isolation.device.edit.disable:TRUE","CD/DVD drive 1","Not Set","Not Set","Not Set","Not Set","Not Set","Not Set","Not Set","RemoteDisplay.maxConnections:1","Not Set","Not Set","Not Set","Not Set","Not Set","FALSE","opportunistic","Not Set","Not Set","log.keepOld:10","log.rotateSize:2048000","Not Set","TRUE","Hard disk 1","tools.guest.desktop.autolock:TRUE","Not Set","RemoteDisplay.maxConnections:1","Not Set","Not Set","Not Set","Not Set"
"vCLS-ada97662-78d8-4bed-af75-9ac16e8621f1","ftEncryptionOpportunistic","isolation.device.edit.disable:TRUE","isolation.device.edit.disable:TRUE","Floppy drive 1","Not Set","Not Set","Not Set","Not Set","Not Set","Not Set","Not Set","RemoteDisplay.maxConnections:1","Not Set","Not Set","Not Set","Not Set","Not Set","FALSE","opportunistic","Not Set","Not Set","log.keepOld:10","log.rotateSize:2048000","Not Set","TRUE","Hard disk 2","tools.guest.desktop.autolock:TRUE","Not Set","RemoteDisplay.maxConnections:1","Not Set","Not Set","Not Set","Not Set"
"vCLS-e4a06678-ea30-42a1-b3a5-b7a666dd4767","ftEncryptionOpportunistic","isolation.device.edit.disable:TRUE","isolation.device.edit.disable:TRUE","SATA controller 0","Not Set","Not Set","Not Set","Not Set","Not Set","Not Set","Not Set","RemoteDisplay.maxConnections:1","Not Set","Not Set","Not Set","Not Set","Not Set","FALSE","opportunistic","Not Set","Not Set","log.keepOld:10","log.rotateSize:2048000","Not Set","TRUE","Hard disk 1","tools.guest.desktop.autolock:TRUE","Not Set","RemoteDisplay.maxConnections:1","Not Set","Not Set","Not Set","Not Set"
"wapdpyz0607","ftEncryptionOpportunistic","Not Set","Not Set","CD/DVD drive 1","Not Set","Not Set","Not Set","Not Set","Not Set","Not Set","Not Set","Not Set","Not Set","Not Set","Not Set","Not Set","Not Set","Not Set","opportunistic","Not Set","Not Set","Not Set","Not Set","Not Set","TRUE","Hard disk 2","Not Set","Not Set","Not Set","Not Set","Not Set","Not Set","Not Set"
"wappscm0001","ftEncryptionOpportunistic","Not Set","Not Set","Floppy drive 1","Not Set","Not Set","Not Set","Not Set","Not Set","Not Set","Not Set","Not Set","Not Set","Not Set","Not Set","Not Set","Not Set","Not Set","opportunistic","Not Set","Not Set","Not Set","Not Set","Not Set","TRUE","Hard disk 1","Not Set","Not Set","Not Set","Not Set","Not Set","Not Set","Not Set"
"wappvnt0001","ftEncryptionOpportunistic","Not Set","Not Set","SATA controller 0","Not Set","Not Set","Not Set","Not Set","Not Set","Not Set","Not Set","Not Set","Not Set","Not Set","Not Set","Not Set","Not Set","Not Set","opportunistic","Not Set","Not Set","Not Set","Not Set","Not Set","TRUE","Hard disk 2","Not Set","Not Set","Not Set","Not Set","Not Set","Not Set","Not Set"
"wappvnt0003","ftEncryptionOpportunistic","Not Set","Not Set","CD/DVD drive 1","Not Set","Not Set","Not Set","Not Set","Not Set","Not Set","Not Set","Not Set","Not Set","Not Set","Not Set","Not Set","Not Set","Not Set","opportunistic","Not Set","Not Set","Not Set","Not Set","Not Set","TRUE","Hard disk 1","Not Set","Not Set","Not Set","Not Set","Not Set","Not Set","Not Set"
"wappvnt0005","ftEncryptionOpportunistic","Not Set","Not Set","Floppy drive 1","Not Set","Not Set","Not Set","Not Set","Not Set","Not Set","Not Set","Not Set","Not Set","Not Set","Not Set","Not Set","Not Set","Not Set","opportunistic","Not Set","Not Set","Not Set","Not Set","Not Set","TRUE","Hard disk 2","Not Set","Not Set","Not Set","Not Set","Not Set","Not Set","Not Set"
"wappvnt0007","ftEncryptionOpportunistic","Not Set","Not Set","SATA controller 0","Not Set","Not Set","Not Set","Not Set","Not Set","Not Set","Not Set","Not Set","Not Set","Not Set","Not Set","Not Set","Not Set","Not Set","opportunistic","Not Set","Not Set","Not Set","Not Set","Not Set","TRUE","Hard disk 3","Not Set","Not Set","Not Set","Not Set","Not Set","Not Set","Not Set"
"wappwin0001","ftEncryptionOpportunistic","Not Set","Not Set","CD/DVD drive 1","Not Set","Not Set","Not Set","Not Set","Not Set","Not Set","Not Set","Not Set","Not Set","Not Set","Not Set","Not Set","Not Set","Not Set","opportunistic","Not Set","Not Set","Not Set","Not Set","Not Set","TRUE","Hard disk 4","Not Set","Not Set","Not Set","Not Set","Not Set","Not Set","Not Set"
